9.153164235039241703e-01,1.090917348060013170e+00,1.771751603354917437e+00,5.823948291008895772e-01,5.274693116754916034e-01,1.307343196180857925e+00,1.034772841834010748e+00,2.184592638837520528e+00,7.794827741599127391e-01,5.659097122240612787e-01,1.940523266038707284e+00,9.685222399590159847e-03,6.328111541537178031e-01,-2.590202371076812393e-01,5.243269915408818593e-02,2.000000000000000000e+00
9.235612175098237842e-01,1.240672527963019744e+00,5.457318666827404297e-01,7.468539206088418148e-01,1.840623893679709688e+00,3.123500442438834623e-01,9.598974692275151765e-01,7.042187491991975801e-01,9.811281111103905550e-01,1.842444022636216427e+00,1.616442110955079059e+00,1.731680486526527840e+00,1.133836419839587606e+00,9.592560898497647370e-01,2.002416537776611438e+00,1.000000000000000000e+00
1.337189165126237089e+00,-2.740176984202194466e-01,1.720917444117092465e+00,2.526980967547265977e-01,1.761257718726224164e+00,3.312716206015424159e-01,4.641954252639785006e-02,1.000748444410090254e+00,1.567558383121533394e+00,1.926544664162495035e-01,3.385068432090574397e-01,2.386152996097065770e+00,1.247482965863466076e+00,9.131515371331496711e-01,1.695275997630694143e+00,3.000000000000000000e+00
9.831193318005915227e-02,1.680551661562691645e+00,5.672249612477741065e-01,4.371179626755414827e-01,2.061216588876643385e+00,2.514593319764696910e-01,3.509999695464749436e-01,1.334104655775423476e+00,1.172862120059374069e+00,1.280064923647105335e+00,1.728048451704710775e+00,5.357932388837081117e-01,-6.833164115872308875e-02,1.736890164405688219e+00,1.721301770668971054e+00,4.000000000000000000e+00
4.605666852742877904e-01,1.381825675636244144e+00,5.175408918741364328e-01,5.091323561404931253e-01,1.899213256720666987e+00,5.249817353433777756e-01,2.858505394654914378e-01,1.561237488685115915e+00,1.882148014436380024e+00,1.305804344224998914e+00,7.490902059502535515e-01,3.751587950955889705e-01,1.874872679180883961e-01,1.552702172894072863e+00,1.721977883883277105e+00,4.000000000000000000e+00
1.430660435797268093e+00,1.806078803569608038e+00,4.927496517763411132e-01,6.046602610288609458e-01,1.349002378277470493e+00,-1.012072976026026638e-02,6.365309296862081689e-01,1.315950523505045711e+00,1.704714370770010756e+00,1.641636869886694106e+00,1.985316871832481844e+00,4.436606619216268976e-01,-3.400222614792435816e-01,2.184154609010916737e+00,1.967107532126141534e+00,4.000000000000000000e+00
1.487681222975076212e+00,6.540487350562457225e-01,1.281755708950599315e+00,-1.091314005562217526e-01,2.082607315642801105e+00,4.061186817172735553e-01,5.625281065468005215e-01,8.118722142561164423e-01,1.474384597022255550e+00,1.444679360721842776e-02,2.912601672785983808e-01,2.541048077338707856e+00,9.154094727059162162e-01,1.067445021526661098e+00,1.766642946612817067e+00,3.000000000000000000e+00
1.697868464075746431e+00,5.197912791663233945e-03,1.601083441795921214e+00,8.543035525548119402e-01,1.881784133006876747e+00,2.573988373653348094e-01,1.031590275420405378e-01,1.879200961799505354e+00,7.364247489240491884e-01,1.293593782918366575e+00,1.726555857759002333e+00,1.484939940203936271e+00,1.327429290854577504e+00,1.382971538623104291e+00,1.921636244804400262e-01,0.000000000000000000e+00
1.566670644994114125e+00,-9.189819978489333074e-02,1.359948336496933141e+00,-8.721319385149575720e-02,2.115316632665610985e+00,2.690156497916315614e-02,9.445091429096046376e-01,7.573722884256904875e-01,1.390792048451215068e+00,1.140314454762314383e-01,4.065553828896290023e-01,1.940399986684558042e+00,2.110621191147331821e+00,1.347280927972369424e+00,1.539514981962411211e+00,3.000000000000000000e+00
2.044692981774512752e+00,3.918687078765301091e-01,1.387960546702643017e+00,-1.805856258478991117e-01,2.156418674260489166e+00,4.263035973047163418e-01,3.125773585761775220e-01,7.538033529635392860e-01,1.651169056596876628e+00,1.337572504087840564e-01,5.457253612489992856e-01,1.999156589449040400e+00,1.199409298644905197e+00,9.943241837202374533e-01,1.443011645985638358e+00,3.000000000000000000e+00
1.416344669658406552e+00,5.005650837561113065e-01,1.239014372999118763e+00,1.822986591228390185e-01,1.471300933378240305e+00,1.600681882002846779e-01,5.178479684221795054e-01,4.904955456402948499e-01,1.784459778759501125e+00,-1.296491929697883572e-02,8.579492178252352552e-01,2.320720577922847028e+00,1.208276002058336074e+00,5.983897333085494985e-01,1.597128778135627813e+00,3.000000000000000000e+00
1.343852894014650801e+00,1.804836097661856043e+00,7.910383900728810147e-01,1.106492044312942014e+00,1.221244124173524792e+00,1.068576268527705042e-01,1.147229703157261138e+00,1.562455833530320692e+00,1.126265627350818033e+00,1.548735864149241026e+00,1.151768201693194271e+00,1.562014834549893649e+00,2.287383657666444137e+00,1.357625646273922237e+00,1.616737194983424830e+00,1.000000000000000000e+00
5.572867381939538012e-01,8.773924041726871570e-01,1.814686246953973514e+00,8.178276161453326143e-01,8.720504323308252426e-01,1.634583348458438667e+00,8.200341076055606138e-01,2.311560734400318839e+00,-2.579985312424504240e-02,4.197219895855033300e-01,1.923970887492405302e+00,1.247452315422174496e-01,8.843644866169093621e-01,7.759643473671448688e-02,1.384340310052987744e-01,2.000000000000000000e+00
1.639512555847286723e+00,9.285115259345998462e-01,1.756745119557890478e+00,-4.779493064554793391e-02,1.183566979290318955e+00,6.138703209237821312e-01,6.483814336425632874e-01,3.725561588363854315e-01,1.861537860423890134e+00,-7.205083640348401708e-02,1.493648247385426231e-01,1.314971382499181551e+00,1.246901265901110945e+00,9.362887454386367159e-01,1.276244405431951057e+00,3.000000000000000000e+00
1.169147800223335754e+00,8.105693706456377212e-01,1.482033604786347603e+00,1.398254953402671141e+00,2.166871318339067987e+00,1.471276766801069558e-01,5.073092561300404091e-01,1.187690337952912012e+00,5.317641378270715480e-01,1.147563989944672791e+00,1.297307340337590320e+00,1.519638738824454327e+00,7.886467440702576992e-01,9.742937457271922952e-01,-2.381457911514536785e-01,0.000000000000000000e+00
1.392405365916331128e+00,-3.940246037665789958e-01,1.432663899004964714e+00,1.184680352209407372e+00,1.515965124328809477e+00,2.668331369099646300e-01,5.171524263291604750e-01,1.394958944636461640e+00,8.623929559922292043e-01,9.857115412625107043e-01,1.266754394303603926e+00,2.246778801758927191e+00,1.089170717995106896e+00,1.565425710457439612e+00,2.884770269804387555e-01,0.000000000000000000e+00
1.021823377075310013e+00,3.517658635754168373e-01,6.408074762935432878e-01,4.499047761797895784e-01,1.393502734198915904e+00,2.693461844443107434e-01,1.865420498011828021e-01,7.627018931295800330e-01,1.588953131991787560e+00,-9.893673451062659496e-02,-8.109214636410178034e-02,2.004372599763076135e+00,1.647639144907732334e+00,1.951491056303509275e-01,1.198776258091345914e+00,3.000000000000000000e+00
1.019813922830733466e+00,5.173070732162295959e-01,1.329262135195340200e+00,7.482016932518714691e-01,1.807299772750752265e+00,3.259487301373030776e-01,4.207377775486646487e-01,1.203795761579492085e+00,1.920532019069647323e-01,1.527590809370369618e+00,1.113706497408829321e+00,1.930077627770201421e+00,1.192168171071585014e+00,6.148950836209291504e-01,3.155893792542352472e-02,0.000000000000000000e+00
5.422831762636716180e-01,1.711016903366435749e+00,3.990190615418888198e-01,1.306472229890126568e-01,2.179121549698304516e+00,3.174754029790616272e-01,1.636328097676763016e-01,1.636031118738703549e+00,2.219576727494537938e+00,8.010762627270223701e-01,1.338607111857048837e+00,1.514134386560089807e-01,4.604591996442006230e-02,1.958052433215104360e+00,1.493365154556357988e+00,4.000000000000000000e+00
1.178806596832005171e+00,3.399581099056679934e-01,1.855655984686253035e+00,-5.372822912149644026e-02,1.614716220818511738e+00,-1.137459228022170143e-01,3.268412679025619605e-01,7.235661704986625642e-01,1.470399876454676402e+00,2.772127066387056749e-01,4.876782368309800497e-01,1.721452922093638538e+00,6.152145318546458075e-01,1.364693644254291183e+00,1.305638084775692320e+00,3.000000000000000000e+00
1.753087977084677673e+00,2.181750006243998452e-01,1.571165759940365003e+00,1.166583029130092930e+00,1.512920055570313949e+00,2.425746363092043389e-02,1.479499325061049142e-01,1.602757799003963868e+00,9.294526545876918844e-01,1.059362436778479966e+00,1.084319373362767180e+00,1.435992180348567127e+00,1.154716886600809067e+00,5.824871726899755187e-01,4.220266270670213204e-01,0.000000000000000000e+00
1.515394525996568209e+00,1.958154961535471805e-01,1.284303233856938897e+00,2.266070781165180348e-01,1.514525121441272049e+00,3.421684300746741236e-01,5.542637526126216185e-01,4.538857458060961414e-01,1.804230359014973972e+00,3.726500444370734466e-01,2.790940196202129076e-01,1.839522400435030791e+00,1.001430886542612031e+00,1.299863944158060614e+00,1.792768180047346949e+00,3.000000000000000000e+00
1.535379594833794492e+00,1.141194264045528595e-01,1.674007142376234158e+00,1.029360990961418310e+00,1.624572211343767725e+00,1.284149039408524762e-02,7.173076865718255313e-01,1.337910004312744539e+00,1.134350665139546077e+00,1.183134589322490715e+00,1.497723108204692899e+00,1.246058977125318101e+00,1.543942914828593249e+00,5.005739285347178269e-01,1.549304045360410387e-01,0.000000000000000000e+00
9.163949281177412587e-01,7.673291246228295392e-01,1.758847095107792802e+00,2.978085859219023468e-01,1.232159922354998383e-01,1.521644325443972656e+00,5.707170940416187443e-01,1.687004811822832684e+00,9.027325030419942609e-01,-3.064530095884976379e-02,1.443267927372235970e+00,3.662953091969575747e-01,6.592335871176919770e-01,-3.369933775044561819e-03,2.160265264302227428e-01,2.000000000000000000e+00
1.893946412618691566e+00,2.545639434977643445e-01,1.307858592034894407e+00,-1.032697587189020383e-01,1.626570984289430699e+00,-5.972167612772799616e-02,4.398266289910775506e-01,5.935871594075561308e-01,1.771936254466027094e+00,-1.360209137643027810e-01,3.120282561472275118e-01,1.526421339500293239e+00,1.088666090595971303e+00,7.185912197189239237e-01,1.691121961190006573e+00,3.000000000000000000e+00
1.052299316020504527e+00,6.196574481663721379e-01,1.456684064416918112e+00,7.294546320271551032e-01,2.346846276054423086e+00,1.814114519575204532e-01,2.810590069020070247e-01,1.492435122781173185e+00,7.602636257874515469e-01,1.446192653016564522e+00,1.749004664838738954e+00,1.953233255459301265e+00,1.173731352122316718e+00,1.476082113459887823e+00,3.380689182728041642e-01,0.000000000000000000e+00
1.243804862274149992e+00,2.061305056709674122e-01,1.587665125222618379e+00,6.359894723329488908e-01,1.075617645110910514e+00,3.317786355551398114e-01,-2.199302589731858548e-01,8.740301993552226367e-01,1.925523501939251814e+00,3.928996303927103639e-01,9.605563510170185282e-01,1.833271890854754727e+00,1.409982989628623784e+00,1.142031326915384337e+00,1.611491907563246562e+00,3.000000000000000000e+00
6.835826843982945045e-01,1.494314628277400692e+00,3.206003009036219598e-01,1.002930469698138261e+00,1.477065634348323275e+00,6.999142311713857367e-01,7.349101815352557798e-01,1.081868693636028000e+00,1.465135366068631040e+00,1.101164413840385103e+00,1.668136777280183614e+00,3.188594785857455927e-01,-2.268445968363232423e-01,2.103568344706784110e+00,1.958052652474562505e+00,4.000000000000000000e+00
8.389197308041472789e-01,1.002711239986109115e+00,1.654780007803250408e+00,3.686389549942665766e-01,4.725361094768782966e-01,1.819932953170290135e+00,4.841597682476986297e-01,1.447140720511226109e+00,6.883375154493536208e-01,1.436574029983780643e-01,1.741211887173512496e+00,3.656123691793700115e-02,1.325421714020441177e+00,9.627561832531966735e-02,-4.248216149578597500e-01,2.000000000000000000e+00
8.812059288903366649e-01,1.155960880443275940e+00,1.256883977304265931e+00,9.184419054243898872e-02,3.475227717493886703e-01,2.102081501187203827e+00,4.639366669612711713e-01,1.552539724621140760e+00,4.409639354897612606e-01,5.695906750690394871e-01,1.796608943730889418e+00,-7.036176651150027883e-02,8.407492625506941542e-01,-2.111104580849462176e-01,-1.629759479778523090e-01,2.000000000000000000e+00
1.506666496716406733e+00,1.951040701037312530e+00,1.015243974930216231e+00,1.155608700007054956e+00,1.126237731033588263e+00,2.010032247885099599e-01,8.643475184376253617e-01,1.539285995918903360e+00,1.361486958851419127e+00,1.656300410475971097e+00,1.802011917416253661e+00,1.914411694056691537e+00,1.378078998760219109e+00,1.244292613407517623e+00,1.786675936315803348e+00,1.000000000000000000e+00
7.735756528874354609e-01,7.907475938447492414e-01,1.803576399136114894e+00,3.503025795155170763e-02,8.576605037522857522e-01,1.410430784208455801e+00,2.039137095365175512e-01,1.897035465210657135e+00,5.615955511605671413e-01,2.582013497470631580e-01,1.687058472046174096e+00,-1.477049782831256763e-01,8.775261406364804895e-01,-3.386181499044090826e-01,-2.076925757351921198e-01,2.000000000000000000e+00
1.254791167519223372e+00,-3.176272794960456891e-01,1.093709173766639564e+00,5.228249600053256341e-01,1.294595959643907612e+00,4.235782149663636087e-01,1.242596655863204891e+00,7.252144517911269794e-01,1.914440251842482565e+00,6.646390640516348924e-02,1.242850652616535045e-01,1.902245118233925947e+00,9.682983094489989728e-01,7.801366987967220945e-01,1.832213171036623622e+00,3.000000000000000000e+00
1.092791406277439537e+00,9.257365530668333620e-02,1.420998663803549444e+00,3.325381637531515944e-01,1.395997513161758574e+00,5.054690723974217259e-02,3.302364279425595850e-03,1.235756007155831115e+00,1.923363228729905394e+00,8.735434868579539103e-02,1.191134645139260151e+00,2.169438533594806096e+00,1.482457595568331676e+00,1.059084634406679548e+00,1.094757460365692880e+00,3.000000000000000000e+00
1.493866308178879887e+00,6.347431950409267998e-01,1.675627500968859263e+00,9.238938859114633750e-01,2.104398577358505662e+00,1.496173461085505974e-01,-2.217572831896801322e-01,1.506669954046273574e+00,5.120023554815531508e-01,9.028928262535009797e-01,1.746545836067070923e+00,2.101521367346031344e+00,1.333596848668900714e+00,1.253076167359994608e+00,1.874851602115226168e-01,0.000000000000000000e+00
1.563366858502133194e+00,1.433924602842780782e+00,9.879507865512107134e-01,1.172686525511850597e+00,1.803047029292524694e+00,6.919713546035379803e-01,8.708231714109151422e-01,1.048074046174802820e+00,1.006359438411201568e+00,1.744292171260089619e+00,1.460330799051341666e+00,1.409431653752471592e+00,2.279206784642513917e+00,1.027486908059321191e+00,1.840907018186288324e+00,1.000000000000000000e+00
1.227926712408984766e+00,5.405280118955124724e-01,1.287972480705103173e+00,6.664300601927182210e-01,1.762850912643413537e+00,2.120123290313575271e-01,4.211933048423861514e-01,1.540695840774290337e+00,8.849785536755233606e-01,1.685942045405495415e+00,9.213380395603242290e-01,1.211801260707023875e+00,1.041556130314019057e+00,1.007628863415148235e+00,5.461314856193346667e-01,0.000000000000000000e+00
7.037559797818145890e-01,6.309098991497772424e-01,1.570834062979256540e+00,3.951860245011986628e-01,6.098758886855373262e-01,2.071752180886246464e+00,1.051205610893119591e+00,1.830216095419981315e+00,7.685132336312054946e-01,8.870532808527120672e-01,1.814369987203968693e+00,2.810274067402638853e-01,8.502439921488387231e-01,-4.828808831192639150e-01,2.937019518256174244e-01,2.000000000000000000e+00
3.241115177407684622e-01,1.016970820520085583e+00,5.012839183453543512e-01,7.747185848933191288e-02,1.636388257323611484e+00,8.153190479255406631e-02,-1.422942489514155140e-01,1.218522320434022976e+00,1.931303827821483798e+00,1.000511013688764717e+00,1.657885910781595973e+00,6.477845322710263920e-01,-1.173762451889892033e-01,1.987211717113431142e+00,1.846446805142529124e+00,4.000000000000000000e+00
7.819714729779639883e-01,1.456937160715460422e+00,9.514740692947085687e-01,1.041004765383867881e+00,1.917491105602501023e+00,5.983441028168084985e-03,9.111611383652234997e-02,1.241295110699794702e+00,1.628448563383974701e+00,1.665691567930260408e+00,9.147460461355123584e-01,4.815706341514620625e-01,3.800480905921407304e-01,1.684683297242195010e+00,2.365403494406500329e+00,4.000000000000000000e+00
1.743679588022293947e+00,-1.841193739096788629e-01,1.530260591903002121e+00,8.292469091469429898e-01,1.413574703644733699e+00,2.896616172108151810e-02,6.104578288399062913e-01,1.546132036135726251e+00,1.095092564607933028e+00,1.378504095131211749e+00,1.408767174526487143e+00,1.702177771877860346e+00,1.479210543940715716e+00,8.813121561249568359e-01,-4.771202715241996684e-01,0.000000000000000000e+00
1.175255355743855201e+00,1.252275878593907654e+00,1.266237802267250689e+00,2.720910780589829159e-01,1.669370789645295838e+00,2.185303124075014258e-01,9.747384490758113085e-01,1.086696791846130550e+00,2.385648000025253346e-01,1.072383125008998350e+00,1.702618012729208097e+00,1.678582131049605630e+00,2.032883652254520168e+00,1.000218520423270085e+00,1.893951320066257882e+00,1.000000000000000000e+00
6.604207311572264372e-01,5.258076797121045143e-01,1.471084586827635654e+00,3.786425001872955054e-01,8.412517495140532375e-01,1.516550136946254179e+00,1.208665392026735397e+00,1.423332023192985796e+00,1.404359879334440286e-01,2.357001469079383627e-01,1.794631984537164548e+00,6.021925643887691137e-01,7.886016572449788820e-01,-8.256419641755270711e-02,3.041129253149291167e-01,2.000000000000000000e+00
9.432771798316547107e-01,7.031500201959440810e-01,1.883988879241583314e+00,2.599739445750653966e-01,9.261111466538436421e-01,1.491638832766821299e+00,2.701778204568659469e-01,1.362985906819433879e+00,5.295787644500509206e-01,5.833067894257379926e-01,2.000193927531230820e+00,4.857385171868070506e-01,8.805698580144880605e-01,-4.100109581630514421e-01,1.615062706091570932e-01,2.000000000000000000e+00
1.791658753974401330e+00,2.331434465090925556e+00,5.490985649940187674e-01,7.790609943894475364e-01,1.668807352369422015e+00,2.572190243049354841e-01,5.828721324992969244e-01,4.866683503119841880e-01,1.045118678592134920e+00,1.417028542308080841e+00,1.010117529815856674e+00,1.409855095070275510e+00,2.001172691115516766e+00,1.083866723964275414e+00,1.795326382549510047e+00,1.000000000000000000e+00
1.049494665159568907e+00,1.027841874813337997e+00,1.381513286364244086e+00,3.744642888809058823e-01,8.987462327602729895e-01,1.847668967475269319e+00,9.887920456476335662e-01,1.994083412892625473e+00,3.351930932039056676e-01,4.592718845989619547e-01,1.448464709396629857e+00,-1.819342972394299429e-01,1.000342790547539717e+00,1.090885232866663640e-01,6.967686116663973639e-02,2.000000000000000000e+00
5.069489037789507435e-01,9.763325122038964965e-01,8.300977674222468350e-01,7.951483832117404171e-01,1.379991799204885128e+00,5.342058085287090252e-01,-1.615491876080343836e-03,1.277182680360943845e+00,1.842738126268521404e+00,1.832397557144492817e+00,1.523987096344316505e+00,2.041921048258252547e-01,-3.516705335828366752e-01,1.986070004955166057e+00,1.828958728289881597e+00,4.000000000000000000e+00
1.091396969341494438e+00,1.950105092911426752e+00,7.099677685483871681e-01,2.684032217576765023e-01,2.575576530000956765e+00,6.436474115609589486e-01,1.039781150095621776e+00,5.656481128140693482e-01,1.150455958017486680e+00,1.588470604094057714e+00,1.461057854240117804e+00,2.291195830727121407e+00,1.592346653530048561e+00,1.126938960981776372e+00,1.932335063523555219e+00,1.000000000000000000e+00
1.217988860835706566e+00,1.203710907270720165e+00,1.288006134409050318e+00,1.313565017589217176e-01,1.300387976738685891e+00,3.915117609390190712e-01,8.769903966157250874e-01,4.327333793648872051e-01,1.220564376568720411e+00,9.475336015035206172e-01,1.271684451931599513e+00,2.003376710562271512e+00,2.062506066278157579e+00,1.337764974737566170e+00,2.218687316353964878e+00,1.000000000000000000e+00
1.704226373770967085e+00,7.272367059359650943e-02,1.773464251125292490e+00,7.884072939940662827e-01,2.155374340920679810e+00,4.810844326734154963e-01,7.419426072942030270e-01,1.386687518617240489e+00,9.874984110775926194e-01,1.567492475964441079e+00,1.680474860071093923e+00,1.664959199675730916e+00,1.011823133853429812e+00,6.062830281435036550e-01,7.936113421884335994e-02,0.000000000000000000e+00
6.580251542993974523e-01,1.431818072932347308e+00,1.831498858970323385e+00,-1.604601418440746996e-01,6.996041129712705642e-01,1.158057968621890588e+00,1.004238783974563676e+00,1.844732617663328300e+00,9.569489206507564294e-01,3.168461451123050221e-01,1.994001532139249910e+00,9.960088816227011255e-02,9.356113904439026241e-01,1.614098040958791280e-01,-1.562839124769480059e-01,2.000000000000000000e+00
1.512166924770450782e+00,1.557678609792518376e+00,9.841948333166549157e-01,6.381846721190871374e-01,1.087819484674651616e+00,3.352153267270019388e-02,6.362518421135574531e-01,1.509935379701661251e+00,9.113863213192487933e-01,1.642276344733412996e+00,1.244353531396227286e+00,1.489787454786660525e+00,1.063161857798243126e+00,7.165236602746956063e-01,1.836304714553443684e+00,1.000000000000000000e+00
3.688405975465591791e-01,1.026840684910031554e+00,1.428342206156284711e+00,1.291185730617153971e-01,1.110758730567767749e+00,1.561958443616866088e+00,1.111066513219870711e+00,2.023507783338534427e+00,2.960579355793450662e-01,-2.168857265535623080e-02,1.700140180639292842e+00,3.806357087130330941e-01,9.741986434141390871e-01,1.687742938921184543e-01,3.151197793615310161e-01,2.000000000000000000e+00
1.420080092581414100e+00,1.630018165894626003e+00,5.808591034179566570e-01,6.293259652149156835e-01,1.497989256179292239e+00,6.279837087510558025e-01,8.918498248175298349e-01,8.442307406416529325e-01,7.319192212136007569e-01,1.130482595782331234e+00,1.302591478854254081e+00,1.445939666120901634e+00,2.176153532969338666e+00,7.359969658560328032e-01,2.027099303862197832e+00,1.000000000000000000e+00
1.644120173073737590e+00,6.261798239361936469e-01,1.395345615256769145e+00,8.582019527629675126e-01,1.818979880801028681e+00,2.821601881035106785e-01,-4.067679937052737227e-02,1.569923943098116004e+00,1.222373004172498501e+00,1.072262762236523503e+00,1.330445987049405865e+00,1.582129153027077573e+00,1.056656736036098332e+00,1.084742805196739601e+00,5.674260923460979766e-01,0.000000000000000000e+00
1.018756892288312121e+00,1.655879535324968010e+00,1.427071712477311793e+00,9.558952315595787841e-01,1.712842500204413199e+00,5.147215665154544206e-01,1.101115924108116317e+00,1.115831985125630643e+00,5.169237428092124942e-01,1.874738932463240415e+00,1.172658357446719979e+00,2.268591482317187324e+00,2.390390605967332327e+00,1.194012801339164209e+00,2.263963386818991008e+00,1.000000000000000000e+00
8.479471866877423825e-01,5.754061279724871358e-01,2.283188000069183765e+00,2.050859828493228898e-02,8.059405672721241531e-01,1.570456196023473527e+00,1.138095330612898248e+00,1.624576780124151965e+00,4.139546220387208542e-01,7.646728071458896991e-01,1.762077887141023647e+00,6.856683435599829624e-01,2.802859955781155099e-01,-1.037898120564021559e-02,1.763075996504523957e-01,2.000000000000000000e+00
1.177548478084250450e+00,1.400728820317530099e+00,8.239210981970743752e-01,6.356729175255975139e-01,1.826320278977370481e+00,3.044644830552399872e-01,1.093972158614441970e+00,1.147411177370555757e+00,8.142821674165469092e-01,2.031089395652447838e+00,1.639718861587958765e+00,1.799603575547901846e+00,1.821502443551840988e+00,9.214017245012247059e-01,1.646051044501332772e+00,1.000000000000000000e+00
1.217806932824856858e+00,-2.240884696105368556e-01,1.247698719581791016e+00,1.192361022603049436e+00,1.267632276526037494e+00,1.985744908374759421e-01,3.773643404419093628e-01,1.442679324968177079e+00,6.133730749903012480e-01,1.649713953935088684e+00,1.258121903347142245e+00,2.081240472806276109e+00,6.254421476510227951e-01,1.454298492881554994e+00,3.642750845508675450e-01,0.000000000000000000e+00
7.535430162284750821e-01,1.786381558242069678e+00,4.125875741882606418e-01,7.230442277547938223e-01,2.518267762224765338e+00,1.455162337201942602e-01,2.323719790366965965e-01,1.542004731241363391e+00,2.002352724774289605e+00,9.852582909383638121e-01,1.635348211822367226e+00,5.015259217135907832e-01,1.920882559770881182e-02,1.563079285355910120e+00,1.920913515313440456e+00,4.000000000000000000e+00
9.640597223598724730e-01,3.168469697233743387e-01,1.693006461925283590e+00,5.867364229344698145e-01,2.110991587017635673e+00,9.726505988914987966e-02,1.027430476039115970e+00,9.248283992923671537e-01,8.165898682206205184e-01,1.043884107859185617e+00,1.416610951671714913e+00,1.996798122471186154e+00,9.676314661045951615e-01,1.341557054678139016e+00,4.815358569714958681e-01,0.000000000000000000e+00
3.224679065948019563e-01,1.418119742124495763e+00,7.109966141061209166e-01,4.607984065293926346e-01,1.810752027061691916e+00,2.535047669484100652e-01,8.187001182458830684e-01,1.473603112826670225e+00,1.539597541370470557e+00,8.073566627378465643e-01,1.981171010475047511e+00,7.866054412574843280e-01,2.458667280827091239e-02,2.181730558333793812e+00,1.701588852549220432e+00,4.000000000000000000e+00
1.137076891872090822e+00,-5.068311692309199201e-02,1.511141639347782561e+00,1.223168278810356224e-02,2.082750997075147659e+00,3.776538746267974478e-01,6.123991822615115765e-01,1.041605626386570060e+00,1.633213854227127060e+00,-7.268390263179114186e-02,2.250695656937249933e-01,1.812116864408936490e+00,9.427541083948306477e-01,2.986232064054258339e-01,1.560935301400343977e+00,3.000000000000000000e+00
2.010771213313080175e+00,4.998525150048634402e-01,1.661127811301221779e+00,3.426714815149265458e-01,1.810991079004502069e+00,-1.638868351640395682e-01,3.096434553878819607e-01,1.248944607446142552e+00,6.894333978893208981e-01,1.685478060287810997e+00,1.173315964683054657e+00,2.293542154340335149e+00,1.259008097036857565e+00,1.250081406960605213e+00,7.499237722322363298e-02,0.000000000000000000e+00
1.488847663975126467e+00,-5.584454043518891075e-02,1.707865291020142617e+00,9.677118385917534704e-01,1.956783609122338508e+00,1.328538719066272578e-01,5.094401011926652512e-01,1.548784209848700355e+00,8.028425020971721171e-01,1.444822979432566212e+00,1.657186032211735327e+00,1.856324208273107512e+00,8.559269048104849453e-01,1.460841679897805001e+00,-1.834467210782383950e-02,0.000000000000000000e+00
1.319166795729209918e+00,-1.029124137140670359e-01,1.559579458612535108e+00,8.175797142523971717e-01,1.985757515786059635e+00,4.484539554416508977e-01,-1.896873760056252411e-01,8.361914941216547215e-01,1.522826389828442872e+00,3.281785226378762244e-01,6.402051754164475028e-01,1.887411180397901456e+00,1.436354652109478103e+00,1.293650703735022667e+00,1.595031687783146968e+00,3.000000000000000000e+00
7.456043425246633438e-01,1.644835735271299448e+00,8.360638561802808955e-01,4.971416078052194321e-01,2.071237686737127603e+00,3.420719272453703885e-01,1.511604319455434053e-02,1.956411489903527201e+00,2.036950976024790361e+00,1.283744418737172266e+00,1.601528262228611332e+00,5.068901383336360533e-01,-2.979039629919360554e-01,1.639785138828854238e+00,2.184908551569282764e+00,4.000000000000000000e+00
1.483370395036917699e+00,-7.205807344092440836e-02,1.576112600798808216e+00,5.404241663479558699e-01,1.518920345062671373e+00,3.647099058747134137e-01,6.650846983323586148e-01,1.134494961843879324e+00,8.668385606138205857e-01,1.402291753526935913e+00,1.506695380820493479e+00,2.033258969219469581e+00,6.988649771559446444e-01,1.076125415783373507e+00,3.010878348596349174e-02,0.000000000000000000e+00
1.873296186465307045e+00,2.649934487348442058e-01,1.478231284136286128e+00,-4.432878385481742178e-02,9.188936888009026083e-01,3.505229065668818977e-01,-4.783278521558513852e-01,5.574861949943409334e-01,1.757455873147921732e+00,2.754481164237871857e-02,5.280815379782860530e-01,2.133725757659267863e+00,1.051231184166165677e+00,1.160180528180943416e+00,1.846727814190092465e+00,3.000000000000000000e+00
4.016240157677059552e-01,8.474349347555266698e-01,1.950607077015944935e+00,1.939827333862945147e-01,3.437203329529205376e-01,1.874836790319493129e+00,4.732226803507942337e-01,2.038376040415576629e+00,3.969515107783946894e-01,3.750701755623072620e-01,1.872240239978086196e+00,8.334893480898369900e-01,7.359322560932184398e-01,-7.915380412720442183e-02,-2.302337014264876913e-02,2.000000000000000000e+00
4.293002415495197344e-01,1.841771648156026453e+00,6.865648338968196596e-01,7.853495962126701979e-01,1.712434305931573197e+00,3.275668459464102789e-01,-4.013388478478632226e-01,1.409444928141626363e+00,8.297109015631163320e-01,1.278054405701851470e+00,1.625051162854293629e+00,3.133807024438141076e-01,4.882258076694878657e-02,1.498410859069526424e+00,1.992517661699006126e+00,4.000000000000000000e+00
7.919361785321337166e-01,1.567599629593726673e+00,7.475122795943559550e-01,2.922466004115833460e-01,1.657977027210289167e+00,-3.337398429903092323e-01,7.539593810972888832e-01,1.621364428680269310e+00,1.283609344123586293e+00,1.696729793261980035e+00,1.437583978055910761e+00,1.791673076308081036e+00,1.976134208653846702e+00,8.427089636441912335e-01,2.118807772602886441e+00,1.000000000000000000e+00
1.594779832335421865e+00,-1.968347918760894877e-01,9.977840152480674796e-01,-2.109537814329592864e-01,1.569375506081079674e+00,4.307146788824194328e-01,2.545184358479242737e-01,1.311387674845274187e+00,1.514518912414233753e+00,6.716389273387920467e-01,3.152564057253802732e-01,2.217666350740206571e+00,8.213063990557940564e-01,9.476328654770574955e-01,1.666458290371586770e+00,3.000000000000000000e+00
5.477993013447327586e-01,1.364380094888247186e+00,8.012226955965254804e-01,9.608828013006955882e-01,1.532662424363687048e+00,1.127571382592470195e-01,2.306116612725526704e-01,1.525151264177497357e+00,1.278785653093776897e+00,5.782613689308557792e-01,2.252002248881513680e+00,2.152315596174121937e-01,-1.007953372220633803e-01,1.796091523423904546e+00,1.823477432851034363e+00,4.000000000000000000e+00
4.621043020725806860e-01,6.302226505622939845e-01,2.386457556067049235e-01,3.584475357250805905e-01,1.835068209941478123e+00,-3.523013279003417431e-02,4.955193614881296393e-01,1.585914185228942230e+00,1.828011928180690138e+00,1.352795495586055718e+00,1.436943735259610611e+00,3.346170932174894475e-01,5.765895039942148248e-01,1.819029328496002407e+00,1.806864274131449788e+00,4.000000000000000000e+00
2.263591763121637901e-01,2.179169517729092398e+00,7.866850897233839124e-01,5.182396472543302490e-01,1.456038887206770216e+00,-5.508065200105388692e-02,2.997293345685246302e-01,2.056916445574588970e+00,1.651608845287654725e+00,6.337051120840981877e-01,1.528610423235727378e+00,1.239773261721048847e-01,4.902118066958928155e-01,1.594310472870792417e+00,1.834942694270841557e+00,4.000000000000000000e+00
7.037347255771673193e-01,1.218499391909424912e+00,3.854492502314442737e-01,1.030877267176601553e+00,1.980988823486903083e+00,5.401355012863306992e-01,2.779850565658156247e-01,1.727367696646413986e+00,1.520680572686471388e+00,1.361801046461735831e+00,1.498691433611971213e+00,7.819176882233302983e-01,1.797810589180532381e-01,1.936663898648688598e+00,2.002059820975003568e+00,4.000000000000000000e+00
1.184736940352019374e+00,1.525275304462303527e+00,1.221380384441203226e+00,5.004236103656173329e-01,1.835439421797064874e+00,-5.051569415483142533e-02,7.540260954289002004e-01,8.671272234447503502e-01,8.534838168087499621e-01,1.823367998509695109e+00,1.332939043221511577e+00,2.138425605331290225e+00,1.686723488877638122e+00,1.053157505434358709e+00,2.147194557646836088e+00,1.000000000000000000e+00
1.256097938624155974e+00,1.262388010463835641e+00,1.593519486191859347e+00,3.247175057872534465e-01,1.772028227975330994e+00,2.819874501339099115e-01,3.714409089489931759e-01,9.546152039825073210e-01,8.775911703645853379e-01,2.001095590249183598e+00,1.663771236622797023e+00,1.761841720806824441e+00,2.130006868450113888e+00,1.024498719865756469e+00,2.449387709836141624e+00,1.000000000000000000e+00
7.804899720198250623e-01,9.319983542010020772e-01,1.426289335371176081e+00,-2.077834156574337454e-03,1.158404238792901664e-01,2.006269227279004586e+00,3.875172700462728437e-01,2.091413963918756558e+00,3.180367249645467687e-01,6.166512287201091347e-01,1.587099427663132944e+00,3.934243674098603094e-02,1.228410210405691094e+00,-1.054257677515027247e-01,-9.575904906556215179e-02,2.000000000000000000e+00
1.131429161639943892e+00,9.046739046545787533e-01,2.354280923997102093e+00,4.971755865434574484e-01,8.108724857344291603e-01,1.530392635195938045e+00,1.049650067148820698e-01,2.803330547824039343e+00,1.554545977590114925e-01,7.157258956883075229e-02,1.931961159158282371e+00,4.215872966393957588e-01,3.905054199968507334e-01,-1.911567707632896573e-01,6.580328733377251993e-01,2.000000000000000000e+00
1.537960013402689619e+00,1.196001581346665787e+00,1.863218597596667303e+00,3.993130763599156419e-01,1.054774763264612725e+00,1.985783966501059261e+00,1.163560547669699075e+00,1.991293010423176080e+00,8.515720075038035741e-02,-1.100436322692268654e-01,1.230387063555708815e+00,1.851337333169444377e-01,1.312548154230281039e+00,2.337352896878381880e-01,4.566307203376589463e-01,2.000000000000000000e+00
1.356220855909729073e+00,3.255516239962725211e-01,1.809475109048678032e+00,3.964017495632981003e-01,1.334356640549152706e+00,3.665503033274285505e-01,9.525287959216249822e-02,1.155468727576422383e+00,5.662065423630948668e-01,1.400894992407432538e+00,1.121752120791852159e+00,1.765885542889803483e+00,1.443377349446763436e+00,1.542566273486373429e+00,4.814562271893116918e-01,0.000000000000000000e+00
1.103198245118739207e+00,1.468551789718325118e+00,6.783376399719501793e-01,4.081069396326965082e-01,1.815413358189749804e+00,-9.753371687758899400e-02,3.986506354958897491e-01,1.358533767167853235e+00,1.457225961314305707e+00,1.948532762086357728e+00,1.492135841798367002e+00,1.670623468295632463e+00,1.597887911587527743e+00,7.505750515125453326e-01,1.894980485879075305e+00,1.000000000000000000e+00
1.371304599848805150e+00,4.342768772875443828e-02,1.770454114043930050e+00,4.329615908238007016e-01,1.911686841211110544e+00,-6.738686187335163336e-02,1.307128639297865380e-01,1.346477549797169271e+00,4.787826705543787309e-01,1.818155862384665866e+00,1.327196735742907974e+00,1.891796601250922860e+00,1.344970289313214273e+00,1.333894354061281984e+00,2.923264334912337170e-02,0.000000000000000000e+00
6.899442833085406290e-01,-7.874405583333793368e-02,1.767087387745477800e+00,6.317757221004722812e-01,1.650026512321149497e+00,2.352725489330259045e-01,5.642215795795585409e-01,1.451130400767873141e+00,5.574246128633295605e-01,1.544745022726545569e+00,1.222387521039979053e+00,2.014387398285488739e+00,1.207651134506616986e+00,8.368817947632885001e-01,1.256341429164429813e-01,0.000000000000000000e+00
1.328430771941195188e+00,-2.552236784643752143e-02,1.268439220240000775e+00,9.241554094606814207e-01,1.721556453431024369e+00,3.153459663625937104e-01,-2.787124468605300942e-02,1.717768225175919428e+00,7.824167131377346429e-01,8.139079403472134766e-01,1.580864941948992186e+00,2.121148669855257296e+00,1.599506630711647226e+00,1.312251218070459746e+00,5.983943292157782867e-01,0.000000000000000000e+00
1.748099878935033491e+00,-1.576395706319971834e-01,1.583984316632622402e+00,-9.850649312013223802e-02,1.192093584397592165e+00,1.520259341985005785e-01,1.069938534661370788e+00,9.385057063771677921e-01,2.081897383619735642e+00,1.346169992132332238e-01,5.763381920631103217e-01,1.788568061925853936e+00,1.007049920452738112e+00,9.110100251728504572e-01,1.346862880818567421e+00,3.000000000000000000e+00
1.018415701122254990e+00,8.654273111338098845e-01,1.468241052407518010e+00,-2.912859090560404041e-01,4.323066376626052976e-01,1.748679142618483784e+00,8.636905928541139810e-01,1.766137896948604125e+00,-3.100809261943572315e-01,1.132737861948586167e-01,1.420763356109038256e+00,-1.881345572542234001e-01,4.984279658644899524e-01,3.804772869475300107e-02,3.938520535571601866e-01,2.000000000000000000e+00
1.601017330556091744e+00,2.519619151564934656e-01,1.526453884387801718e+00,1.881346362335757638e-01,1.381204222020999683e+00,4.658112136650605084e-02,4.348153898499253489e-01,5.318612130931763549e-01,2.075083482837460913e+00,5.405707176941640379e-02,5.440389135006242771e-01,2.633263994880165271e+00,1.384236461736243928e+00,1.309403842030148590e+00,8.381690860455524028e-01,3.000000000000000000e+00
1.424919644710074262e+00,8.048091845404838074e-02,1.747971196079274092e+00,4.362918905879687448e-01,1.867983290618598247e+00,6.446663792273102378e-02,2.356435469137548311e-01,1.308233346959248200e+00,8.928579135929629595e-01,1.630710118499296479e+00,1.146128561282915292e+00,2.095197892123136896e+00,1.308809039388575846e+00,1.265419884854876553e+00,4.587252953889647822e-01,0.000000000000000000e+00
1.112675632909334356e+00,8.995099048121966978e-02,1.722519625803001109e+00,-2.290918816318496254e-01,1.493814384507252457e+00,1.166325252923419709e-02,-1.591211673449383079e-02,8.586302480978615925e-01,1.970453859997046475e+00,-1.142617626920770790e-03,5.832083291731087193e-01,2.307646949949778481e+00,1.294619592266801344e+00,1.003432928512658195e+00,1.553130956833947973e+00,3.000000000000000000e+00
1.161534654363158614e+00,1.471902991294347318e+00,1.178441936722306238e+00,-6.093734853550025754e-03,1.657679274145607229e+00,4.269604449143423741e-01,8.188856994556515945e-01,1.103463571981316615e+00,9.686170439444501401e-01,1.492448618913568392e+00,1.646923992804562698e+00,1.502426509251738818e+00,2.025343012334583470e+00,8.994498013421587945e-01,2.201695838489566182e+00,1.000000000000000000e+00
1.043809938233471124e+00,5.236500893765810849e-01,1.201954919699365965e+00,1.410218664492580487e+00,1.835782068186858851e+00,-2.924673858255943948e-01,-2.684013452579070425e-04,1.299230514680051352e+00,5.662876763962865212e-01,1.488424957201911702e+00,1.085076680167865515e+00,2.275905851532959101e+00,1.680642843417556653e+00,1.315115352189948572e+00,5.919086918489543936e-02,0.000000000000000000e+00
1.713312799467189285e+00,-2.897643131142074169e-01,1.444594283171996452e+00,-2.074739655308330266e-01,1.315932791749204966e+00,1.494034275646430321e-02,6.943026970653476404e-01,2.892408180038802956e-01,2.127487204442111590e+00,9.612486583392677864e-03,2.457831431398323496e-01,2.496037399902447440e+00,1.325746328758766079e+00,1.177358063061261673e+00,1.746047303886347102e+00,3.000000000000000000e+00
9.729625223893814123e-01,9.054803997054388098e-01,2.193898770140883858e+00,3.443970391110043883e-01,8.357937799582483285e-01,1.733231436628834166e+00,2.080212170951775130e-01,1.445404812221200208e+00,-7.842132839201232386e-02,5.208305697905879494e-01,2.275934028899214034e+00,-6.890661101265099786e-02,9.773529280474667624e-01,2.600076957300788139e-01,1.507952467835951271e-01,2.000000000000000000e+00
4.123749423655409529e-01,9.185415552847202569e-01,1.708156998615664168e+00,5.672409054103024761e-01,9.918901394034409513e-01,2.189888693931043573e+00,7.047311612485980259e-01,1.884001815549838810e+00,2.871013688520667184e-01,7.789967724682922423e-02,2.088249508119689679e+00,1.111851140873681976e-01,5.446793605786555137e-01,1.478727492535570343e-01,6.483929544102400300e-01,2.000000000000000000e+00
1.302435030279813111e+00,1.240017906024500682e+00,9.033465567395820850e-01,4.632820606446351186e-01,1.356715469565481946e+00,2.212772015702046124e-01,2.872152090014318260e-01,6.423862664172972359e-01,6.237346671692429734e-01,1.810071630442591228e+00,1.419907521426328589e+00,1.622700222309912288e+00,1.778439075057306917e+00,1.094147323143650041e+00,2.155876923045012550e+00,1.000000000000000000e+00
6.185729778691760883e-01,9.952623239119376963e-01,1.942961712128431717e+00,4.641258930580270947e-01,1.042826269765999569e+00,2.254451358659670390e+00,7.484542901039671348e-01,2.007986395706564675e+00,6.653648345957291488e-01,2.968134671059350360e-01,1.814015647562505551e+00,-6.199683770048116660e-01,1.068771987091035269e+00,-2.108338746260345620e-01,5.236509478281653474e-02,2.000000000000000000e+00
1.350899302912966338e+00,2.331870105797862192e-01,1.731483728293876423e+00,1.245607104365652917e+00,2.142291103597543600e+00,8.421518831470420352e-02,2.774530966977908908e-01,1.878288586786905690e+00,7.148826302141851885e-01,1.552413116951539163e+00,1.240459370741106682e+00,1.761421721855994882e+00,1.211482206967794184e+00,1.587321417832916248e+00,-2.834984587173569603e-02,0.000000000000000000e+00
1.105327824400947012e+00,1.280601165873407332e+00,1.190283175845231245e+00,1.028230268179371354e+00,1.144704050563476017e+00,7.955586597003843075e-01,3.474241601299930537e-01,1.116000589167586821e+00,1.301810793053463255e+00,1.008286616960170079e+00,1.270531535362092290e+00,2.073972176793531297e+00,1.558443010472240875e+00,9.742775156135277115e-01,1.864027430844002575e+00,1.000000000000000000e+00
8.023263029927305556e-01,1.276729122911194336e+00,2.164275094052293902e+00,7.406955474822296548e-01,1.225105486188493575e+00,2.104641568338465607e+00,4.398711325157148577e-01,2.497910040119551756e+00,-2.550329079261816068e-01,2.005446970197726775e-01,1.995010612370970549e+00,1.711808612136662966e-01,4.680319932738358224e-01,-7.415060028209514709e-01,3.144724842437301993e-01,2.000000000000000000e+00
8.903573895200869170e-01,2.152515993235278202e+00,7.572627921196806167e-01,6.929820727177596895e-01,1.364309778145205154e+00,4.361770044158262416e-01,5.142728391433819546e-01,1.080498719989663403e+00,1.155366998480824137e+00,1.439248573601938030e+00,1.053085812944466237e+00,1.627061160133750350e+00,1.993356285619851676e+00,8.679332024793730005e-01,1.756462583266306776e+00,1.000000000000000000e+00
1.267356485273577471e+00,-5.385154363767441499e-01,1.044924956044853470e+00,1.091146358770933800e+00,1.722052051255916760e+00,-1.778431848604627996e-02,3.736163314784066714e-01,1.706898798187147515e+00,4.723216480780333404e-01,9.459728825585467238e-01,1.347405087458576345e+00,2.199686230163677259e+00,1.575952196174541298e+00,1.493725115632116518e+00,3.308932712774916851e-01,0.000000000000000000e+00
9.512555144761385417e-01,7.779323621488365426e-03,1.244052538737985270e+00,2.662184996896870270e-01,1.930308714808445014e+00,3.481791872574877544e-01,1.806100859215679921e-01,5.823184339548963528e-01,1.658026309891095895e+00,1.604214975352304118e-01,1.082955077966969881e+00,2.392658799546516946e+00,1.267060463831500838e+00,9.901227060099211386e-01,1.882855220503180993e+00,3.000000000000000000e+00
1.032402213977835714e+00,-1.930346725695011867e-01,1.679091486091977892e+00,-1.584381964702064605e-01,1.240191615767740840e+00,2.206959537829741025e-01,5.622420118280321288e-01,4.341185704442068749e-01,1.646970056229410950e+00,-6.024110649655131655e-02,7.086603664962134452e-01,2.229274270804765479e+00,1.069671373311910312e+00,1.230025105285322384e+00,1.230065740147794795e+00,3.000000000000000000e+00
1.161624521181937375e+00,5.516114698008045547e-01,1.863583611967587705e+00,6.618200597426042719e-01,2.075973991194306034e+00,1.721326886436242432e-01,-5.409113810591364979e-02,1.539222038289272954e+00,7.531182781142398142e-01,1.204130603665185539e+00,1.259933122641381686e+00,1.543523854698375608e+00,1.536602289079074479e+00,1.334236061909186422e+00,8.636490378524400158e-02,0.000000000000000000e+00
7.161558413157184111e-01,1.548552873378492345e+00,1.244078843364209708e-01,4.472519319465100285e-01,1.952425648510315304e+00,3.238089852758890830e-02,-4.460476693279057381e-01,1.236861709214508664e+00,1.721252345586455901e+00,1.298396125856283279e+00,1.857343537083764762e+00,5.182778432327779239e-01,1.312629950533791834e-01,1.971584033454871987e+00,1.791879170860035009e+00,4.000000000000000000e+00
5.942386885155542808e-01,1.060803930434768505e+00,1.423968070215243742e+00,4.428233826558672370e-01,1.210989387201417022e+00,1.777545596343967027e+00,9.249133339015792599e-01,1.809722668515842958e+00,6.037907910015938295e-01,3.800114179903353873e-01,1.938377113381378081e+00,4.297447162125749287e-01,7.346473117266288932e-01,-6.248352445918455011e-02,2.626546439410305522e-01,2.000000000000000000e+00
1.550784416259772369e+00,5.801329588686913175e-01,1.369917957542879039e+00,2.731136559803865049e-01,1.427756992658191448e+00,2.622457472521597110e-01,2.010765199192965369e-01,9.597860887434395138e-01,1.542865412247928170e+00,-2.518395926175434618e-03,6.717549760198500142e-01,1.926553630972470232e+00,1.422016789893636890e+00,1.405039432029699942e+00,1.546316870407190125e+00,3.000000000000000000e+00
1.383580160805018222e+00,9.936139771093944750e-01,1.379403792938675766e+00,-3.193082738138203203e-01,5.662059301064693573e-01,1.906405739168462343e+00,6.231563957597827663e-01,2.052182174845487150e+00,6.692116498618763121e-01,1.780353998652695058e-01,1.896599357546095099e+00,5.101004013004052373e-01,1.403455636106389903e+00,3.709770061165877375e-01,-8.362688134158235975e-02,2.000000000000000000e+00
9.928897974901602641e-01,1.537781398018029044e+00,1.143982740755619787e+00,7.108801649742539919e-01,1.567516429337416195e+00,1.872903857368395653e-01,1.137118333505619638e+00,1.164910329094449803e+00,9.797210134923237668e-01,1.586974678507426573e+00,1.638031436017374665e+00,2.370093591665011434e+00,1.820099834746104817e+00,8.758842825729661330e-01,2.167961559204757194e+00,1.000000000000000000e+00
9.158921406624549455e-01,9.439526412006027378e-01,1.845832963368638335e+00,-2.474975664191627622e-01,7.202755140611130091e-01,1.614964515202868434e+00,9.479456612905367008e-01,1.939155613366334130e+00,7.421738285920537193e-01,4.437392197246969872e-01,1.791422901027977632e+00,7.825807834051308198e-01,1.112520938177978813e+00,2.274990644455654742e-01,-1.318772927772438042e-02,2.000000000000000000e+00
1.408440174328874361e+00,1.151869965043020305e-02,1.127460022216497437e+00,5.074972225528997516e-01,1.838236572845918015e+00,5.782445044214379326e-01,6.117104279222970176e-01,9.870219742922360373e-01,2.026041911043962251e+00,-1.546531291229382432e-01,8.839690241158892903e-01,1.873543858975285969e+00,9.710462316591579324e-01,7.840210727904060040e-01,2.292675109662531963e+00,3.000000000000000000e+00
1.663274405828081282e+00,4.118237690951324081e-01,1.828615319080863388e+00,7.699743836681938181e-01,1.997374506276241801e+00,2.977716502802907339e-01,7.838261749735369044e-01,1.306292253826029537e+00,7.208619603291468447e-01,1.882654099327950803e+00,1.129138521565152153e+00,1.973476804102173521e+00,1.172874840274782171e+00,8.963012208697926919e-01,2.867808265533396406e-01,0.000000000000000000e+00
1.117265798727479442e+00,1.304117359127124676e+00,6.155461671372350896e-01,6.761476976806540806e-02,1.607707384060520717e+00,5.349970646164807775e-01,9.311741976841062529e-01,1.239490966037570585e+00,1.411308881676900828e+00,1.194132041708621639e+00,1.536109487201358315e+00,2.117513005978214569e+00,2.060895147880190681e+00,1.177246505683298361e+00,1.869003858264479678e+00,1.000000000000000000e+00
9.373341074313468191e-01,1.554570140213447971e+00,3.671569579545868045e-01,9.689932114695252174e-01,1.784958239108932032e+00,7.357003238771744336e-01,3.529057811047983106e-01,1.211323504966823394e+00,1.662533498874099847e+00,9.229572566487860286e-01,1.976458512380872223e+00,3.842796126973926363e-01,5.209212625799867213e-01,1.804462717162965246e+00,2.264852526196323268e+00,4.000000000000000000e+00
1.468085328390013267e+00,1.862077939804852034e-01,1.335367416644620775e+00,-2.269039934870932806e-01,1.361442183808304396e+00,1.901731490370481004e-01,-2.395622556972176742e-02,4.298497936193800828e-01,1.893146513245319573e+00,1.745364330689812005e-01,4.608397249425297271e-01,2.239213459261543804e+00,9.428759084028097703e-01,6.603788847159296482e-01,2.328722003728196377e+00,3.000000000000000000e+00
1.460695120852607332e+00,1.940176710219405631e-01,1.800834205354040485e+00,-5.473187291800815646e-02,1.409649710848168480e+00,1.031573998129548808e-01,9.357341446876400459e-01,7.485768243186755599e-01,1.602691776011088587e+00,3.764797813342292687e-01,2.412796227148339967e-01,2.132161322311617369e+00,1.430922242317038240e+00,1.207677994073251604e+00,1.568653936290219431e+00,3.000000000000000000e+00
1.819066909666361642e+00,1.486616743664027851e+00,9.748804327339631870e-01,6.804141072309004556e-01,1.731908652437244012e+00,4.697173826757130577e-01,8.460164915387222706e-01,6.962926558796402876e-01,1.721246462207183470e+00,1.355193103285594169e+00,1.778041543602329133e+00,2.313658625933658008e+00,1.767367870936562113e+00,1.177921436986288484e+00,1.744534637268476907e+00,1.000000000000000000e+00
1.334399303260312752e+00,8.307145360167762504e-01,1.703831718744529544e+00,2.784299716229956534e-01,7.800847996651846250e-01,1.651499377613460329e+00,5.401012847496889924e-01,2.117139438141701913e+00,7.138608619691841906e-01,5.198161614758818327e-01,1.507017676954876206e+00,6.032375506955647282e-01,6.396482884595366958e-01,-4.139062461372046142e-01,-2.041273749551960615e-01,2.000000000000000000e+00
7.060471336540652398e-01,1.798393299554713387e+00,1.314876504901516308e+00,2.302228252459626590e-01,2.373232628192648797e+00,5.287302878557684771e-01,2.742247193603041255e-01,1.542455170130000441e+00,1.298519058632803924e+00,1.395479138108175476e+00,1.972264008727994122e+00,8.333276120503274598e-01,1.102260121574893253e-02,1.564065066806036297e+00,2.503466309823765723e+00,4.000000000000000000e+00
6.585911977691017993e-01,7.851805507088323033e-01,1.728074297705734619e+00,4.630027635179596590e-01,5.858846569101955337e-01,1.473620240056275232e+00,9.396416956998061565e-01,1.811606919576374208e+00,1.100297161962088044e+00,1.645101627139218259e-01,1.581199650203317209e+00,5.729030743027353489e-01,8.863547308555197457e-01,1.155951749046998239e-02,4.370320284753294038e-01,2.000000000000000000e+00
1.304804838738879313e+00,1.730847736547896476e+00,1.088857651241322611e+00,3.454829305325664013e-01,1.828792778902929239e+00,6.939358230100980407e-01,4.265025997665561897e-01,1.172558214349170624e+00,9.891131079893266120e-01,1.051476941627247585e+00,1.600013115150082044e+00,2.334596602259337850e+00,1.395300981333625678e+00,1.606936493827232804e+00,1.892785287514855197e+00,1.000000000000000000e+00
1.194640170023323567e+00,-2.112798281153424607e-02,1.343750006003605835e+00,8.229994221608474270e-01,1.791971074580300360e+00,1.452926345835207078e-01,1.684728568084304379e-01,1.577190417269362932e+00,7.631481115769443990e-01,1.788331393844207140e+00,1.391029571386073638e+00,2.008284293597972781e+00,1.239559699612780896e+00,7.164724110867577433e-01,4.167432771375800815e-01,0.000000000000000000e+00
7.324611489318018087e-01,1.203493347284611881e+00,1.712276607315333932e+00,2.396153037745021586e-01,6.931111239665193047e-01,1.336415415855481958e+00,6.502216201942090379e-01,1.580742598741987637e+00,1.730824090557815387e-01,1.879247241355271880e-01,1.117876684127059317e+00,3.060491596951666615e-01,8.189922871541369664e-01,9.025647810845091948e-03,6.249703866257392271e-01,2.000000000000000000e+00
1.032710812674034750e+00,1.029693928068613484e+00,1.435110168697545818e+00,9.731048878743848718e-01,1.395204948258208288e+00,6.269632351927784120e-01,7.293252254124850120e-01,1.538685615875188706e+00,1.064164491646745425e+00,1.705777891341346830e+00,1.573654527226682198e+00,2.273785934709050771e+00,1.934647415752443811e+00,9.001310635757736600e-01,2.469313522024003227e+00,1.000000000000000000e+00
1.589560951068140104e+00,2.549440821439595828e-01,1.735491063193350225e+00,2.418137653836549272e-01,1.622386174289555560e+00,6.249023885815649937e-01,6.806279959817191916e-01,1.077611455733731738e+00,1.412343271748651041e+00,6.804259682993085701e-02,5.495591959113306224e-01,1.873904484130033188e+00,1.105002651993522322e+00,1.230895241343071600e+00,1.448651061338036783e+00,3.000000000000000000e+00
1.703156924382981607e+00,1.347229478633838184e-01,1.501291615088666598e+00,6.931900935931226693e-01,1.850295560992467836e+00,5.408636530837529488e-01,5.838592718143096327e-01,1.312839435680627442e+00,9.854257957475902607e-01,1.204022956158984581e+00,1.047796876171952496e+00,2.072029025037554373e+00,1.344527033595626531e+00,1.169415107119688990e+00,4.518691852966842948e-01,0.000000000000000000e+00
1.414449767518865864e+00,1.964886872409023155e+00,1.033074184517367211e+00,6.581578396877474368e-01,1.533422160891241504e+00,-2.428225988065741969e-01,3.980860820778477360e-01,1.035842327433869503e+00,1.131111139369854302e+00,1.702371484463815143e+00,1.109552599787740901e+00,2.051002286427000776e+00,1.965848208535893704e+00,8.626381980090289670e-01,2.720400335706035122e+00,1.000000000000000000e+00
8.205757721234641089e-01,1.632553737550711093e+00,1.062771257260218816e+00,7.874454938594561693e-01,1.408720547039931992e+00,2.450455500098030481e-01,8.940378692893354851e-01,7.260304064802660662e-01,1.162854566401471557e+00,1.929129315535431433e+00,1.573353614124691546e+00,1.862710421973330810e+00,1.764850140434258474e+00,9.788067800132459473e-01,1.824788271125419525e+00,1.000000000000000000e+00
1.732904500645781276e+00,1.299578950588208714e+00,8.144852703855444132e-01,1.042563655364460828e+00,1.554882310926772870e+00,-9.709101628540844908e-02,1.284347922876152293e+00,1.141637677564326658e+00,1.461054977790811282e+00,2.120490326026509997e+00,1.437410777519571914e+00,1.874695584481588906e+00,2.408703962683078625e+00,1.079020828356002326e+00,1.635407159142329592e+00,1.000000000000000000e+00
8.715255130547797657e-01,-1.454752922846842267e-01,1.141643678951816065e+00,7.099903608231024066e-01,1.932910779897595077e+00,6.287425452624725297e-01,6.049569213558411152e-01,7.866730631233456172e-01,1.893446854999357498e+00,-8.521725430737622786e-02,6.673117536543461403e-01,2.071304934272994114e+00,1.264297984584392021e+00,1.133657659217000013e+00,1.514707024252711198e+00,3.000000000000000000e+00
1.421259782653482739e+00,-4.053014084270766260e-01,1.122748242722110046e+00,6.936132961149841236e-01,1.387867171185010573e+00,2.002943854309127691e-01,9.114018826660811312e-01,2.097293403740954520e+00,1.927473328530016072e-01,1.194904866537728649e+00,1.354394694664153409e+00,1.904025448043178415e+00,1.201208870248258398e+00,1.489190421606325199e+00,6.856100979225155934e-01,0.000000000000000000e+00
1.347482396659286152e+00,-8.423957677375376596e-02,7.688072573373804230e-01,1.806539691397034408e-01,1.765800380230438060e+00,8.659303240673202340e-02,5.544026471717580229e-01,8.531954363141041053e-01,1.338263914505092966e+00,-3.005967421482598767e-01,5.080277680454957645e-01,1.642199882076613493e+00,1.574326986261290751e+00,8.717048007836725176e-01,1.293789243378420828e+00,3.000000000000000000e+00
1.036271297677463954e+00,3.513585304588547342e-01,1.154580555114797402e+00,-2.439394607631606426e-02,1.958651156378093727e+00,-4.568601739375005577e-02,7.320631295576986997e-01,1.116605617548250606e+00,1.549264783393678568e+00,3.308125850982054361e-01,7.600693807169839333e-01,2.090407570939390336e+00,1.626551874913177320e+00,7.073446619169699856e-01,1.652269898882224419e+00,3.000000000000000000e+00
7.484591033319746289e-01,2.540272742840835818e+00,1.428838337052425356e+00,6.587709729179458407e-01,1.547087628712534579e+00,3.760149808621395806e-01,5.560020248062934600e-01,1.157713884883341038e+00,1.046389180269027719e+00,1.205139090843037941e+00,1.266251536340432970e+00,1.756139250209441505e+00,1.515320393349505412e+00,1.206471873339694190e+00,1.889008285992353819e+00,1.000000000000000000e+00
1.205639563358107402e+00,-2.663671497853092873e-01,1.095215007262582585e+00,-2.899346429384400126e-01,1.560581311170193386e+00,-3.955896446189460791e-02,3.591006151322362894e-01,6.086674607809139381e-01,1.700884323606864701e+00,5.683660142406843363e-01,6.880550018538076351e-01,2.022974051850287669e+00,1.035205944942093614e+00,8.035846402920521214e-01,1.738220036849373873e+00,3.000000000000000000e+00
5.795508822489457978e-01,1.354070468144495942e+00,7.566645528319622116e-01,8.620321987134713648e-01,1.745268987683660677e+00,2.617593754975304221e-01,1.975513717599347574e-01,2.068300980716151649e+00,1.183829084066953641e+00,1.185690918449991749e+00,8.258781816137089615e-01,3.333982823094204240e-01,-1.363084471433037292e-01,1.598039593963117566e+00,2.493969756742820287e+00,4.000000000000000000e+00
5.803652431393900857e-01,7.940468068199317830e-01,1.449799141588308249e+00,4.271807443038626584e-01,7.178069622880826062e-01,1.628919720541754046e+00,5.179718469650915758e-01,2.074776811281763056e+00,4.535239243831130085e-01,7.647056840436947112e-02,1.635751229549100794e+00,4.075678964279799699e-01,1.524117868358313643e+00,2.621037683950210306e-01,1.871358280307928723e-01,2.000000000000000000e+00
2.001834024062866924e+00,3.110513218267662583e-01,9.495286088739839370e-01,1.070123470921592546e+00,2.218577338942744781e+00,5.291560374401685363e-02,3.906103015073275619e-01,2.534170876672842354e+00,7.396807795034374688e-01,1.541913415103516538e+00,1.799405544909451482e+00,2.067263382842142505e+00,7.737868518121759909e-01,1.273880462734889196e+00,3.226771202809056716e-01,0.000000000000000000e+00
1.695890879976843069e+00,-2.087031260486305606e-01,5.004095354640741844e-01,4.139782996262038606e-01,1.753833056011152358e+00,4.032307151362051756e-01,3.345851642248536262e-01,8.898097319945718064e-01,1.873939800307107051e+00,1.270009525478131285e-01,3.411161289978470457e-01,2.145906324929334197e+00,1.490850119445395361e+00,8.754505498746320002e-01,1.341453335076608244e+00,3.000000000000000000e+00
1.569567411313197880e+00,2.448493193734735840e+00,1.015655905004990256e+00,1.009964589677178060e-01,1.426492764538506153e+00,2.327286437859266977e-01,1.134242880591068259e+00,1.111787096585517887e+00,1.191983833710350771e+00,1.617012338686245609e+00,9.286115162466812567e-01,2.331322674194652667e+00,2.647742323715758239e+00,1.152839476831303278e+00,1.718165013648884631e+00,1.000000000000000000e+00
7.052931142926200936e-01,1.214103508060037528e+00,1.788901232522971174e+00,-1.676111233295753400e-01,2.976141713036506431e-02,1.749685660939183540e+00,3.908028921364802843e-01,2.033093730193255677e+00,5.659222178424262450e-01,1.376229112017610667e-01,2.072085348141297523e+00,-1.090393817864302450e-01,1.067910895232086155e+00,-2.572416718976957561e-01,-9.748297546426804017e-02,2.000000000000000000e+00
7.941383750527140073e-01,1.326148155431946085e+00,5.880914529004184210e-01,5.247294595539602202e-01,2.151982459194566655e+00,4.641235931717949681e-01,-4.494899602032519370e-01,2.166167058627054942e+00,1.682480341610877117e+00,9.858891398744991097e-01,1.908608374913845829e+00,6.651199017623752319e-01,-1.248277476386539242e-01,1.742973518399174804e+00,1.512207251916391382e+00,4.000000000000000000e+00
1.397707617903241051e+00,-9.461005201912911500e-02,1.352348236279969251e+00,-3.328982074740796659e-01,1.956069295116238838e+00,3.902180902216839664e-01,5.274548381926347229e-01,7.864344460243450907e-01,1.866910317562294974e+00,-3.568114341953660396e-01,1.066865423911935284e+00,2.399379398540575359e+00,1.051028147072989194e+00,2.839442811987276105e-01,1.314942630968429116e+00,3.000000000000000000e+00
1.289110999757105969e+00,1.669948949615221334e+00,9.367656997446569545e-01,1.026724791627173561e+00,1.883459185501748845e+00,6.382730845714654766e-01,6.500232052385017667e-01,1.265493433086065878e+00,1.412676053152350342e+00,2.198453124255371094e+00,1.213372252372497018e+00,2.049515622059792541e+00,2.088741933272733053e+00,1.436572662835716496e+00,2.116667888578565915e+00,1.000000000000000000e+00
1.374241311079450689e+00,3.293487658775007265e-01,1.248004666651016503e+00,4.173883824932873021e-01,1.766974840380604705e+00,-5.968715325829186957e-01,2.845531508975081558e-01,5.418228908396651722e-01,8.398456009658638033e-01,1.259902668946799587e-01,1.856731318106746298e-01,1.574654396918133248e+00,1.341190963116409618e+00,8.402731403538205024e-01,1.151741566862044985e+00,3.000000000000000000e+00
1.456202879887315227e+00,1.742882681745840046e+00,1.092662096683616912e+00,6.851465439117891965e-01,1.981659542723539058e+00,3.484126265718979210e-01,8.193848135475019223e-01,1.764464938577221975e+00,9.741703672621907506e-01,1.653630994008796096e+00,1.034046005626323872e+00,1.685453303750536591e+00,1.898292231040510814e+00,1.071258473558610591e+00,2.133836689869120562e+00,1.000000000000000000e+00
1.791274447611830967e+00,1.229187736459502744e-01,1.353389926058517823e+00,6.135709666509026050e-01,1.762230437819720219e+00,7.924120685822214627e-01,9.960599181746354613e-03,1.701678110139692723e-01,2.297478713541325934e+00,-2.415521264531819701e-02,4.603453614263607885e-01,1.527890037638326204e+00,9.795481399362443442e-01,1.471574790875737726e+00,1.709890476423036931e+00,3.000000000000000000e+00
7.905385876276965762e-01,1.456759329414460513e+00,1.966612816078118442e+00,-7.926669880894687825e-04,6.454698344777374253e-01,1.838516966758592552e+00,8.482765120684410132e-01,2.157848701526628332e+00,-8.716227591324443580e-02,-6.542083993538949649e-02,1.616985374078878657e+00,4.465155506786765427e-01,5.685817157888874984e-01,1.815007017944822165e-01,7.565293919862727812e-01,2.000000000000000000e+00
1.091103680553150213e+00,6.158253105936949412e-01,1.344018085336807777e+00,2.223703694374478124e-01,1.603893317822971509e+00,5.973422500783500677e-01,5.152893643912410671e-01,7.224280869689139184e-01,1.070825553552406717e+00,-1.814146629484094664e-01,1.036876599555910161e+00,1.809540267385483681e+00,1.235544126596250347e+00,8.828223573804694357e-01,1.534656935030270564e+00,3.000000000000000000e+00
6.427703685228044472e-01,1.196236408816311103e+00,2.169872587030013400e-01,5.311535371518824045e-01,1.654803273307990708e+00,3.701022524175549000e-01,9.022394461802307752e-03,1.247394212081546438e+00,1.221594653272995767e+00,1.488090483652072304e+00,1.468583975284104115e+00,-1.032954782821573492e-01,-1.475986485852084640e-01,1.709073623684384424e+00,1.867975949335779706e+00,4.000000000000000000e+00
6.097886219800776608e-01,9.605808464240040978e-01,1.909683144719229730e+00,-1.312038563869871166e-01,5.826984262238088519e-01,2.152011260434896656e+00,9.658733249235291751e-01,2.273214239388184232e+00,3.704711659876204211e-01,3.681179596265926612e-01,2.089467221153072707e+00,1.054807709889098444e-01,8.978765861181532415e-01,-1.130747527375966233e-01,1.488125039270255801e-01,2.000000000000000000e+00
7.260917027464675044e-01,1.170479974421624325e+00,1.700994765320695379e+00,5.680359628944263439e-02,3.722047680180261553e-01,1.640002950772753376e+00,1.000259702757434477e+00,1.770569822203918786e+00,3.243532809026348218e-01,5.105738201157399292e-01,2.036788737078855771e+00,3.469460367208588858e-01,6.889937756913691036e-01,-2.602612808527673960e-02,4.673220511395886345e-01,2.000000000000000000e+00
1.796798063620188568e+00,-1.001150696202091628e-01,1.695471571923488074e+00,6.607704869286390448e-02,1.138884078945347600e+00,4.476609727690432639e-01,4.528989700043519750e-01,8.682414610495263751e-01,2.008794771232113252e+00,2.186623408006053426e-01,5.442088354341547696e-01,1.795549797010766113e+00,1.383755345759067668e+00,5.806507387299745249e-01,1.779295419035856085e+00,3.000000000000000000e+00
1.329593892029693469e+00,4.727226230618395975e-01,2.038394116813223356e+00,1.414155601226519732e+00,1.643849776226764980e+00,3.462864493109719111e-01,1.377561000179857720e-01,1.394273110036305940e+00,1.240190202534594999e+00,1.059122183536528761e+00,9.213720119638308947e-01,1.547481258038287955e+00,6.629452786772580541e-01,7.739796417014248586e-01,1.166186923417601023e-01,0.000000000000000000e+00
6.456498373838673865e-01,1.644782658183908230e+00,5.061168119288176337e-01,4.443759554345784180e-01,1.634092793177812641e+00,3.180727182204498016e-01,9.046262496677699438e-01,1.427371037892978478e+00,3.233115566179937117e-01,1.383325783073484416e+00,1.458701985427641290e+00,2.242335551501224433e+00,1.693584445599748411e+00,1.028689019373237867e+00,2.332292682442465015e+00,1.000000000000000000e+00
1.033049365320959589e+00,2.210849264760416766e+00,5.913578434599091604e-01,5.601868193475356694e-01,1.925972249019991533e+00,2.645142707450539032e-01,1.004204134140155080e+00,1.393263458215310946e+00,1.142470292830909839e+00,1.466472457687073350e+00,2.098163449428499749e+00,1.876618040927377828e+00,1.718975087426375170e+00,9.459749169047821926e-01,2.381133979313345250e+00,1.000000000000000000e+00
1.307126663562290014e+00,1.399487210144325644e+00,1.296593815321847476e+00,7.713001159654392369e-02,1.519356051950557784e+00,4.238506468747699207e-01,8.902375234969979179e-01,1.072812659097043930e+00,1.178229638231181653e+00,1.386125484774686223e+00,1.524497718390293244e+00,1.903948492208900278e+00,1.893929749808616059e+00,1.432961352553310919e+00,2.236701027125612917e+00,1.000000000000000000e+00
5.358753653508752102e-02,8.292096727809146195e-01,1.943857330729294564e+00,1.311358699553750173e-01,4.245712405893948826e-01,1.637741791944795633e+00,1.370670551354939093e+00,1.552340734728866911e+00,4.490188317126801443e-01,3.381234957487949666e-02,1.284810136960786942e+00,2.345600797536258886e-01,1.262748939110154289e+00,-3.738214240538200728e-01,2.445251235829730418e-01,2.000000000000000000e+00
9.033918807341774215e-01,3.531327517240009928e-02,1.579207845332093463e+00,1.126712981197155461e+00,1.866692743065625937e+00,5.616259261194960217e-01,1.514163966840593734e-01,1.570787228434164629e+00,4.188757482777121788e-01,1.118324710567522917e+00,1.836093073181381152e+00,2.144505791058945121e+00,1.420075240622884483e+00,1.280336470194480158e+00,8.109677077279256463e-02,0.000000000000000000e+00
1.333244551658243404e+00,1.265141258503816868e+00,8.343814648828477010e-01,5.744483555655625073e-01,8.690922677939008079e-01,3.620955294607176023e-01,1.168448125997922471e+00,1.079000381434699118e+00,1.266415448422505641e+00,1.688906984329191285e+00,1.313617078122281123e+00,2.081048160833774308e+00,1.721865389286338255e+00,2.817989856634920409e-01,2.319588726176370130e+00,1.000000000000000000e+00
1.180637828625161978e+00,1.497824973196110632e+00,7.654421852235040458e-01,9.962226009929686654e-01,1.214636629992201566e+00,4.337195798289867343e-01,1.337750504405220919e+00,9.060232393082660041e-01,1.213124957032874374e+00,7.618367656599507320e-01,8.432112637633158991e-01,1.786245852995671068e+00,1.867234370093204365e+00,5.373676561406853791e-01,2.257226716936008071e+00,1.000000000000000000e+00
1.719330036054080857e+00,1.632730188694418327e+00,7.765748032573740467e-01,1.334411030017961242e-01,1.487914177337698929e+00,2.242893357107217378e-02,5.410359198671574887e-01,1.295935298994788099e+00,1.239728524980642232e+00,1.374019433564081627e+00,1.014965573081507477e+00,1.677164953270869452e+00,1.787907671614455296e+00,1.060447352635382590e+00,2.252015360966704183e+00,1.000000000000000000e+00
6.943326476793724167e-01,1.357167259004360638e+00,7.022585626789312752e-01,6.407139736831668486e-01,1.554288735355652484e+00,9.318660682547538210e-01,5.181300279723726199e-01,1.485309160103871262e+00,1.719165933733428853e+00,7.668121440203838901e-01,1.840838231466328967e+00,2.607298280219563780e-01,-1.272201200499609441e-01,1.947489354742000911e+00,1.759274596517889977e+00,4.000000000000000000e+00
1.347555610017491246e-01,6.589696014812007618e-01,1.460832922997168826e+00,2.714470055242863555e-01,5.784795237605818707e-01,1.921360145057211311e+00,5.970504725724451456e-01,2.094258913178775217e+00,5.126768634642040467e-01,6.571988984988723637e-01,2.294999120628011369e+00,2.620055152988071123e-02,1.352402507211227123e+00,-1.576622981188327277e-01,2.112073215790005731e-02,2.000000000000000000e+00
1.779205830009534584e+00,1.837805750783759962e+00,8.449729032318242794e-01,6.713626021070880912e-01,1.448648049739886368e+00,3.716978154077398289e-01,6.062623931201123195e-01,1.092777435395656971e+00,8.649131872515202213e-01,1.449553667584851047e+00,1.715866526505686718e+00,1.654189012951350346e+00,2.155599399978244790e+00,1.189200265801319656e+00,1.456228047698984840e+00,1.000000000000000000e+00
2.177553525261061163e-01,9.445966096797450140e-01,2.095263338014418775e+00,-2.272495561017726096e-01,6.280438962515337842e-01,1.953240188850759340e+00,5.991469857427020873e-01,1.352228558957131899e+00,6.742844182073232107e-02,8.850950425088222051e-01,1.527587450867625485e+00,9.641126790942097791e-02,1.556264317471320879e+00,-1.989194383599243166e-01,-4.837067915527719641e-01,2.000000000000000000e+00
1.179401668642248824e+00,2.029398591705802168e+00,9.217022072231992880e-01,1.272629266653673707e-01,8.923356131950906933e-01,6.473959701922060717e-01,1.164468827454398836e+00,8.754697219472018510e-01,1.349069684923128509e+00,9.919746858504014941e-01,1.354856420612030821e+00,2.200973103290964517e+00,1.845215407098766303e+00,6.651650698198645628e-01,1.567616588802075217e+00,1.000000000000000000e+00
6.163997326510192165e-01,2.109130726843257975e+00,3.975175227150016255e-01,9.595895569064589736e-01,1.887292460670446648e+00,7.916255350962383419e-01,5.898725669104676328e-01,2.036229569107887105e+00,2.009249848230858504e+00,2.010013740921017700e+00,1.202852029855700611e+00,7.531343617042143279e-01,6.004171589035127710e-01,1.725357327582931699e+00,1.754439467864807867e+00,4.000000000000000000e+00
1.645637232418363016e+00,2.643245096485105083e-01,1.345805452371225952e+00,-1.276707719767405935e-02,1.986316188359224633e+00,5.998354246418761138e-01,1.375847067507828536e-01,4.800454905912865944e-01,2.060642146847667444e+00,-4.382882330450030839e-01,5.878588611476821546e-01,1.913742751532397479e+00,1.465648032807608692e+00,7.168975546791467313e-01,1.798638470823544555e+00,3.000000000000000000e+00
1.458466668017178058e+00,5.303783660709658898e-01,1.731771805012852550e+00,8.617777423736265874e-01,2.187341326613853720e+00,-8.744839749831229136e-02,5.701511078307689440e-01,1.138153601171446816e+00,7.783163443626537337e-01,1.081652666730315904e+00,1.397942748134980651e+00,1.769247792472367964e+00,9.182829801400796965e-01,1.251346369085871046e+00,3.985639127728157760e-01,0.000000000000000000e+00
1.780897518027521942e+00,2.537007022751470720e-01,1.373932020129184028e+00,8.859247281234864380e-01,1.838063568971486594e+00,4.551805596309137503e-01,-1.029682087941375945e-01,1.620311796173499852e+00,9.334533006440346448e-01,1.021689029041197294e+00,2.160762709762583000e+00,2.171248047417566607e+00,1.415509041501062937e+00,9.874482514998809135e-01,6.347817169837363660e-02,0.000000000000000000e+00
1.575519118636194538e+00,-5.882555195658606406e-02,1.499444605435324096e+00,9.071821875624871412e-01,1.701741368186364900e+00,-2.448834255437326024e-01,-8.940948570790308025e-04,1.557764739045252700e+00,1.103219658608022735e+00,1.339311197466182657e+00,1.029816065439446593e+00,2.049002758786718115e+00,1.035767336790659909e+00,1.454829043409759048e+00,2.762985229833993528e-01,0.000000000000000000e+00
6.002166740606696971e-01,1.404233198916310155e+00,8.223880861682968391e-01,6.889936827361612393e-01,1.435304183988823645e+00,-1.484074586682271324e-02,7.277448589881319041e-01,1.259525368313036520e+00,1.482942698899726519e+00,4.844977107771443192e-01,2.116502562206758586e+00,2.471444395425967111e-01,-7.427826867644665709e-02,1.384608802809409234e+00,2.087890765344004862e+00,4.000000000000000000e+00
4.449205637091019350e-01,9.233665068453161817e-01,2.129335051456182626e-03,8.681062043647848059e-01,1.591894945035122078e+00,5.449931812669561726e-01,2.919649115443651577e-01,8.755211718136503007e-01,2.063395467718867948e+00,1.521590682937485450e+00,1.285277269039087678e+00,6.002720118248883185e-02,2.075907266197156431e-01,1.912429224293563212e+00,1.445902881865193335e+00,4.000000000000000000e+00
5.273448921585660587e-01,1.473976180016878912e+00,9.994095709191815891e-01,2.704098912701994872e-01,1.861408258990285169e+00,5.306976109840564337e-01,-3.491972566026563252e-02,7.195545250515430480e-01,1.778464241230356180e+00,1.218906633972524967e+00,1.600649872920985262e+00,2.434386074494576113e-01,-2.202479050318038589e-01,1.290410634420422031e+00,1.743012863209814078e+00,4.000000000000000000e+00
1.148725180148038261e+00,2.720971337384154309e-01,1.316038813526066331e+00,1.177019865702081169e+00,1.867803991068003322e+00,2.934204171487357904e-01,6.494266153376804240e-01,1.117255439116190407e+00,9.575872085347019169e-01,1.280648184246393706e+00,1.318483098465799586e+00,2.403816010794251667e+00,1.260524682267233576e+00,1.194826942590778929e+00,4.340280572762131861e-01,0.000000000000000000e+00
1.167462312036349870e+00,2.936935264248704547e-01,1.138613497853673051e+00,8.368057188526734080e-03,1.266168543252695455e+00,3.788521113171988697e-03,1.188711079026515960e-01,7.919444254512109094e-01,1.629648077749163315e+00,5.314299514552225240e-02,7.063564212254178631e-01,1.914261802031084203e+00,1.253425071813927927e+00,8.470309291921928052e-01,1.466281079129921672e+00,3.000000000000000000e+00
1.480777087208296816e+00,1.004176096782571359e-01,1.476656158088343940e+00,1.456675464408575815e-01,1.678844048890025809e+00,3.946372538008258157e-01,8.305291323632150169e-01,1.272214097575302016e+00,1.410862258653557522e+00,2.802746088359509002e-05,4.481214182711944494e-01,2.131293186830735209e+00,1.707739744725969677e+00,1.242148451385428842e+00,1.946546487892796051e+00,3.000000000000000000e+00
1.569190262478455278e+00,1.345528264444341704e-01,1.767272163587413791e+00,1.718771734372839810e-01,1.215161052394105434e+00,3.956213581266883050e-01,-1.355663680403770277e-01,4.975300932733278669e-01,2.135590086002561172e+00,4.688014426108096100e-02,1.024421065192755442e+00,1.779873002343039801e+00,9.815522320226804931e-01,7.052060014072250027e-01,1.632499254542801648e+00,3.000000000000000000e+00
1.088512144667236781e+00,1.620838221835352977e+00,1.920747294320786835e+00,6.813986518189412145e-01,1.545479223455999307e+00,2.906059251417271172e-01,6.403156114798490561e-01,1.054262601874593752e+00,1.167591085416016305e+00,9.987046222722455457e-01,1.121601067132972140e+00,1.691826416321266846e+00,1.909496859871064878e+00,1.034122603335067225e+00,1.910602088801097276e+00,1.000000000000000000e+00
1.322479807114613326e+00,2.015681685884776364e+00,1.031585819321428454e+00,6.910763371084920337e-01,1.927893300400305376e+00,1.752039616689645973e-01,1.156983230655667105e+00,1.248338385475902701e+00,8.502906284886927457e-01,1.755265172264068196e+00,1.798981744562824003e+00,2.056898065822085453e+00,1.983861816955597934e+00,8.706684170590375249e-01,2.037885097539793300e+00,1.000000000000000000e+00
1.823985800162318593e+00,-1.899776678956633935e-01,1.040394060397702880e+00,5.643952788721343788e-02,1.693899895197383598e+00,1.298151958225066127e-02,1.379924127612268125e-01,5.334311188809299775e-01,1.452038491801183717e+00,3.575764164097043896e-01,-1.705415405581689470e-02,2.039565830164263627e+00,2.308078878759589614e+00,1.030562919873147631e+00,1.771864542785955843e+00,3.000000000000000000e+00
1.349374527365008403e+00,1.032870570905100482e+00,4.804442665831595849e-01,7.152234940619025538e-01,1.879214150669526573e+00,7.312432984556049842e-01,8.445947957451676036e-01,1.156001362283542333e+00,1.254190244942420263e+00,1.251548122465082402e+00,1.634162260624696161e+00,2.518537325308292107e+00,1.792092989844991768e+00,1.110095374102266330e+00,2.512599243594728637e+00,1.000000000000000000e+00
1.177303798509863109e+00,3.176475607393894895e-01,1.687770884339072186e+00,1.618509876548965609e+00,1.889318147602908837e+00,2.451172503497989208e-01,5.884034343397592792e-01,1.334085877442032775e+00,7.523274028446380601e-01,1.560889377525379595e+00,1.475655583493589829e+00,1.720522316083090697e+00,9.051189785125832721e-01,1.717036068312150832e+00,4.045156354222125827e-01,0.000000000000000000e+00
4.503076854756773995e-01,1.364455904836329836e+00,1.077143538023065172e+00,1.825903047014650893e-01,1.380516252556435397e+00,4.061758552811944867e-01,1.551130490999647615e-01,1.813553298050709861e+00,1.736489755595681084e+00,7.167198695481283854e-01,1.454173037451608197e+00,6.915275493402479601e-01,-2.339070855126176851e-01,2.012220068895099967e+00,1.921837843127898182e+00,4.000000000000000000e+00
7.149877869617563553e-01,1.493736663674134268e+00,4.831039499933864612e-01,7.051895315027709721e-01,1.556723716110229638e+00,-1.060014344478341641e-01,5.018268152507823210e-01,9.166136365780415129e-01,2.011348152453724225e+00,1.080839190320628473e+00,1.419507217192812920e+00,7.065709466710509146e-01,4.068700639625401072e-01,1.786817426295484568e+00,1.536897833381220657e+00,4.000000000000000000e+00
1.617747134428072497e+00,1.853823738437134772e+00,1.076007973249411886e+00,9.053897852355863307e-01,1.427918663321293913e+00,5.432741730860809470e-01,9.203861690227802539e-01,9.416156223415023119e-01,1.084216587974358603e+00,1.252982442772042182e+00,1.193792692672589029e+00,2.098300032574836216e+00,1.483944510567912989e+00,6.215564742824892797e-01,1.941993449776720837e+00,1.000000000000000000e+00
1.354660873477965266e+00,-1.674686415663281802e-01,1.639996032757774280e+00,-1.530012697319906301e-01,1.907578080113098817e+00,2.266160634372159921e-01,6.491656840565622755e-01,1.216324520235048556e+00,1.939545349609455904e+00,1.286374960037104526e-02,3.201378837808965816e-01,2.448595084024389745e+00,1.271522137303174649e+00,2.316583668741384328e-01,1.603917756425230046e+00,3.000000000000000000e+00
8.717186497792348554e-01,8.750645555146621124e-01,1.687948850784667831e+00,-3.019634064534834073e-01,8.493021852630149304e-01,1.660422623035102907e+00,1.047719459202329562e+00,1.797658565918676787e+00,6.879625080063735965e-01,5.767805571106989770e-01,2.143034993498201146e+00,2.169512572915371085e-01,6.964828609083218991e-01,1.534663005558329352e-01,3.014056302436022294e-01,2.000000000000000000e+00
9.641264192337879457e-01,1.155220594993632277e+00,1.140050442480401438e+00,7.249513550975905662e-01,1.611891311919773306e+00,7.621678151807118606e-01,3.681749428606095886e-01,8.099048305586991070e-01,7.705948362171830546e-01,1.331444079870595099e+00,1.320987740013728429e+00,2.079614323009976395e+00,1.997145897362672118e+00,9.485775061214278825e-01,1.760624429365819088e+00,1.000000000000000000e+00
2.930541826609172618e-01,1.621671299345394113e+00,5.185859270507865437e-01,8.862971667308474633e-01,1.766974214668377563e+00,2.013296738066584213e-01,2.173574979617567682e-01,1.620851477489780423e+00,1.477895774737906009e+00,8.385111827139801743e-01,1.614633747892007420e+00,5.023030685312986909e-01,8.057083704140681479e-02,2.215826090007715354e+00,2.082642048249283562e+00,4.000000000000000000e+00
2.127621917009416830e+00,1.941602050040739658e-01,1.411992296750115283e+00,7.410881414278548407e-01,1.850528211905746234e+00,7.706049433649526659e-01,6.406298699900392357e-01,1.548560479469044848e+00,5.396353412547273409e-01,1.503870342173720731e+00,1.149055786992704942e+00,1.967850528817292277e+00,8.636622396047551886e-01,1.491607461442948424e+00,3.430927613051483194e-01,0.000000000000000000e+00
1.158687640333943891e+00,1.510802016621350941e+00,1.001290023195410939e+00,8.693542540734311430e-02,9.849646067575772435e-01,2.717615178576865964e-01,1.090743986623569750e+00,1.653429796445550881e+00,9.286244149570140882e-01,1.739050575009738253e+00,1.936371786592697264e+00,2.130249570010807947e+00,2.053557895052708915e+00,1.176968777240958053e+00,1.555366332908702631e+00,1.000000000000000000e+00
3.217014648081711892e-01,1.382757046535932233e+00,1.176016014901683171e+00,6.989241176969229752e-01,1.905061383867736602e+00,2.281955495621325325e-01,5.331007947273089798e-01,1.212613260471398391e+00,8.498369064792675731e-01,1.542706318802183230e+00,1.665241579138263539e+00,6.586469667486992696e-01,-1.135141744851694556e-01,1.892615705943427651e+00,1.983896698667582115e+00,4.000000000000000000e+00
1.226943496753656770e+00,8.401424749744150766e-01,1.224210082963015589e+00,3.707985217519561005e-01,3.682298369326163501e-01,2.029274341589653030e+00,7.755401964577076646e-01,2.196040165866325111e+00,7.019054465662601938e-01,3.896036307946715294e-02,1.885883172936480223e+00,2.964196483883679845e-01,4.560468693600302492e-01,-2.605747795858011084e-01,-1.961774046115274395e-01,2.000000000000000000e+00
1.508649394355191298e+00,1.352528537393443420e-01,1.152474471863422778e+00,7.164885184451294520e-02,1.881686939450482265e+00,7.151086936447735853e-01,-8.775419000751188969e-02,9.203192036382141783e-01,1.205129280427152061e+00,-1.896963197068854134e-01,5.230398098452281319e-01,1.720506207842931179e+00,1.048538785901169001e+00,9.147785966108197275e-01,2.207580653582950525e+00,3.000000000000000000e+00
1.346643244483242796e+00,1.550291388809071913e+00,8.407729930603722313e-01,2.501326292733219159e-01,1.536010112191380950e+00,5.689662120181053773e-01,1.088870142018740994e+00,8.265923167627855506e-01,7.638597463387610809e-01,1.449631461089171403e+00,1.126504341616026306e+00,1.741325761796118199e+00,1.971567639968064389e+00,9.114371348360121861e-01,2.342477127474804632e+00,1.000000000000000000e+00
