,0,1,2,3,4,5,6,7,8,9,10,11,12,13,14
0,0.9153164235039242,1.0909173480600132,1.7717516033549174,0.5823948291008896,0.5274693116754916,1.307343196180858,1.0347728418340107,2.1845926388375205,0.7794827741599127,0.5659097122240613,1.9405232660387073,0.00968522239959016,0.6328111541537178,-0.25902023710768124,0.052432699154088186
1,0.9235612175098238,1.2406725279630197,0.5457318666827404,0.7468539206088418,1.8406238936797097,0.31235004424388346,0.9598974692275152,0.7042187491991976,0.9811281111103906,1.8424440226362164,1.616442110955079,1.7316804865265278,1.1338364198395876,0.9592560898497647,2.0024165377766114
2,1.337189165126237,-0.27401769842021945,1.7209174441170925,0.2526980967547266,1.7612577187262242,0.3312716206015424,0.04641954252639785,1.0007484444100903,1.5675583831215334,0.1926544664162495,0.33850684320905744,2.3861529960970658,1.247482965863466,0.9131515371331497,1.6952759976306941
3,0.09831193318005915,1.6805516615626916,0.5672249612477741,0.4371179626755415,2.0612165888766434,0.2514593319764697,0.35099996954647494,1.3341046557754235,1.172862120059374,1.2800649236471053,1.7280484517047108,0.5357932388837081,-0.06833164115872309,1.7368901644056882,1.721301770668971
4,0.4605666852742878,1.3818256756362441,0.5175408918741364,0.5091323561404931,1.899213256720667,0.5249817353433778,0.28585053946549144,1.561237488685116,1.88214801443638,1.305804344224999,0.7490902059502536,0.37515879509558897,0.1874872679180884,1.5527021728940729,1.721977883883277
5,1.430660435797268,1.806078803569608,0.4927496517763411,0.604660261028861,1.3490023782774705,-0.010120729760260266,0.6365309296862082,1.3159505235050457,1.7047143707700108,1.641636869886694,1.9853168718324818,0.4436606619216269,-0.3400222614792436,2.1841546090109167,1.9671075321261415
6,1.4876812229750762,0.6540487350562457,1.2817557089505993,-0.10913140055622175,2.082607315642801,0.40611868171727356,0.5625281065468005,0.8118722142561164,1.4743845970222555,0.014446793607218428,0.2912601672785984,2.541048077338708,0.9154094727059162,1.067445021526661,1.766642946612817
7,1.6978684640757464,0.005197912791663234,1.6010834417959212,0.8543035525548119,1.8817841330068767,0.2573988373653348,0.10315902754204054,1.8792009617995054,0.7364247489240492,1.2935937829183666,1.7265558577590023,1.4849399402039363,1.3274292908545775,1.3829715386231043,0.19216362448044003
8,1.5666706449941141,-0.09189819978489333,1.3599483364969331,-0.08721319385149576,2.115316632665611,0.026901564979163156,0.9445091429096046,0.7573722884256905,1.390792048451215,0.11403144547623144,0.406555382889629,1.940399986684558,2.110621191147332,1.3472809279723694,1.5395149819624112
9,2.0446929817745128,0.3918687078765301,1.387960546702643,-0.1805856258478991,2.156418674260489,0.42630359730471634,0.3125773585761775,0.7538033529635393,1.6511690565968766,0.13375725040878406,0.5457253612489993,1.9991565894490404,1.1994092986449052,0.9943241837202375,1.4430116459856384
10,1.4163446696584066,0.5005650837561113,1.2390143729991188,0.18229865912283902,1.4713009333782403,0.16006818820028468,0.5178479684221795,0.49049554564029485,1.7844597787595011,-0.012964919296978836,0.8579492178252353,2.320720577922847,1.208276002058336,0.5983897333085495,1.5971287781356278
11,1.3438528940146508,1.804836097661856,0.791038390072881,1.106492044312942,1.2212441241735248,0.1068576268527705,1.1472297031572611,1.5624558335303207,1.126265627350818,1.548735864149241,1.1517682016931943,1.5620148345498936,2.287383657666444,1.3576256462739222,1.6167371949834248
12,0.5572867381939538,0.8773924041726872,1.8146862469539735,0.8178276161453326,0.8720504323308252,1.6345833484584387,0.8200341076055606,2.311560734400319,-0.025799853124245042,0.41972198958550333,1.9239708874924053,0.12474523154221745,0.8843644866169094,0.07759643473671449,0.13843403100529877
13,1.6395125558472867,0.9285115259345998,1.7567451195578905,-0.047794930645547934,1.183566979290319,0.6138703209237821,0.6483814336425633,0.37255615883638543,1.8615378604238901,-0.07205083640348402,0.14936482473854262,1.3149713824991816,1.246901265901111,0.9362887454386367,1.276244405431951
14,1.1691478002233358,0.8105693706456377,1.4820336047863476,1.3982549534026711,2.166871318339068,0.14712767668010696,0.5073092561300404,1.187690337952912,0.5317641378270715,1.1475639899446728,1.2973073403375903,1.5196387388244543,0.7886467440702577,0.9742937457271923,-0.23814579115145368
15,1.3924053659163311,-0.394024603766579,1.4326638990049647,1.1846803522094074,1.5159651243288095,0.26683313690996463,0.5171524263291605,1.3949589446364616,0.8623929559922292,0.9857115412625107,1.266754394303604,2.246778801758927,1.089170717995107,1.5654257104574396,0.28847702698043876
16,1.02182337707531,0.35176586357541684,0.6408074762935433,0.4499047761797896,1.393502734198916,0.26934618444431074,0.1865420498011828,0.76270189312958,1.5889531319917876,-0.0989367345106266,-0.08109214636410178,2.004372599763076,1.6476391449077323,0.19514910563035093,1.198776258091346
17,1.0198139228307335,0.5173070732162296,1.3292621351953402,0.7482016932518715,1.8072997727507523,0.3259487301373031,0.42073777754866465,1.203795761579492,0.19205320190696473,1.5275908093703696,1.1137064974088293,1.9300776277702014,1.192168171071585,0.6148950836209292,0.031558937925423525
18,0.5422831762636716,1.7110169033664357,0.3990190615418888,0.13064722298901266,2.1791215496983045,0.3174754029790616,0.1636328097676763,1.6360311187387035,2.219576727494538,0.8010762627270224,1.3386071118570488,0.15141343865600898,0.04604591996442006,1.9580524332151044,1.493365154556358
19,1.1788065968320052,0.339958109905668,1.855655984686253,-0.05372822912149644,1.6147162208185117,-0.11374592280221701,0.32684126790256196,0.7235661704986626,1.4703998764546764,0.2772127066387057,0.48767823683098005,1.7214529220936385,0.6152145318546458,1.3646936442542912,1.3056380847756923
20,1.7530879770846777,0.21817500062439985,1.571165759940365,1.166583029130093,1.512920055570314,0.024257463630920434,0.14794993250610491,1.6027577990039639,0.9294526545876919,1.05936243677848,1.0843193733627672,1.4359921803485671,1.154716886600809,0.5824871726899755,0.4220266270670213
21,1.5153945259965682,0.19581549615354718,1.284303233856939,0.22660707811651803,1.514525121441272,0.3421684300746741,0.5542637526126216,0.45388574580609614,1.804230359014974,0.37265004443707345,0.2790940196202129,1.8395224004350308,1.001430886542612,1.2998639441580606,1.792768180047347
22,1.5353795948337945,0.11411942640455286,1.6740071423762342,1.0293609909614183,1.6245722113437677,0.012841490394085248,0.7173076865718255,1.3379100043127445,1.134350665139546,1.1831345893224907,1.497723108204693,1.246058977125318,1.5439429148285932,0.5005739285347178,0.15493040453604104
23,0.9163949281177413,0.7673291246228295,1.7588470951077928,0.29780858592190235,0.12321599223549984,1.5216443254439727,0.5707170940416187,1.6870048118228327,0.9027325030419943,-0.030645300958849764,1.443267927372236,0.3662953091969576,0.659233587117692,-0.003369933775044562,0.21602652643022274
24,1.8939464126186916,0.25456394349776434,1.3078585920348944,-0.10326975871890204,1.6265709842894307,-0.059721676127727996,0.43982662899107755,0.5935871594075561,1.771936254466027,-0.13602091376430278,0.3120282561472275,1.5264213395002932,1.0886660905959713,0.7185912197189239,1.6911219611900066
25,1.0522993160205045,0.6196574481663721,1.4566840644169181,0.7294546320271551,2.346846276054423,0.18141145195752045,0.281059006902007,1.4924351227811732,0.7602636257874515,1.4461926530165645,1.749004664838739,1.9532332554593013,1.1737313521223167,1.4760821134598878,0.33806891827280416
26,1.24380486227415,0.2061305056709674,1.5876651252226184,0.6359894723329489,1.0756176451109105,0.3317786355551398,-0.21993025897318585,0.8740301993552226,1.9255235019392518,0.39289963039271036,0.9605563510170185,1.8332718908547547,1.4099829896286238,1.1420313269153843,1.6114919075632466
27,0.6835826843982945,1.4943146282774007,0.32060030090362196,1.0029304696981383,1.4770656343483233,0.6999142311713857,0.7349101815352558,1.081868693636028,1.465135366068631,1.101164413840385,1.6681367772801836,0.3188594785857456,-0.22684459683632324,2.103568344706784,1.9580526524745625
28,0.8389197308041473,1.0027112399861091,1.6547800078032504,0.3686389549942666,0.4725361094768783,1.8199329531702901,0.48415976824769863,1.447140720511226,0.6883375154493536,0.14365740299837806,1.7412118871735125,0.036561236917937,1.3254217140204412,0.09627561832531967,-0.42482161495785975
29,0.8812059288903367,1.155960880443276,1.256883977304266,0.09184419054243899,0.34752277174938867,2.102081501187204,0.46393666696127117,1.5525397246211408,0.44096393548976126,0.5695906750690395,1.7966089437308894,-0.07036176651150028,0.8407492625506942,-0.21111045808494622,-0.1629759479778523
30,1.5066664967164067,1.9510407010373125,1.0152439749302162,1.155608700007055,1.1262377310335883,0.20100322478850996,0.8643475184376254,1.5392859959189034,1.3614869588514191,1.656300410475971,1.8020119174162537,1.9144116940566915,1.378078998760219,1.2442926134075176,1.7866759363158033
31,0.7735756528874355,0.7907475938447492,1.803576399136115,0.03503025795155171,0.8576605037522858,1.4104307842084558,0.20391370953651755,1.8970354652106571,0.5615955511605671,0.25820134974706316,1.687058472046174,-0.14770497828312568,0.8775261406364805,-0.3386181499044091,-0.20769257573519212
32,1.2547911675192234,-0.3176272794960457,1.0937091737666396,0.5228249600053256,1.2945959596439076,0.4235782149663636,1.242596655863205,0.725214451791127,1.9144402518424826,0.06646390640516349,0.1242850652616535,1.902245118233926,0.968298309448999,0.7801366987967221,1.8322131710366236
33,1.0927914062774395,0.09257365530668334,1.4209986638035494,0.3325381637531516,1.3959975131617586,0.05054690723974217,0.003302364279425596,1.2357560071558311,1.9233632287299054,0.08735434868579539,1.1911346451392602,2.169438533594806,1.4824575955683317,1.0590846344066795,1.0947574603656929
34,1.4938663081788799,0.6347431950409268,1.6756275009688593,0.9238938859114634,2.1043985773585057,0.1496173461085506,-0.22175728318968013,1.5066699540462736,0.5120023554815532,0.902892826253501,1.746545836067071,2.1015213673460313,1.3335968486689007,1.2530761673599946,0.18748516021152262
35,1.5633668585021332,1.4339246028427808,0.9879507865512107,1.1726865255118506,1.8030470292925247,0.691971354603538,0.8708231714109151,1.0480740461748028,1.0063594384112016,1.7442921712600896,1.4603307990513417,1.4094316537524716,2.279206784642514,1.0274869080593212,1.8409070181862883
36,1.2279267124089848,0.5405280118955125,1.2879724807051032,0.6664300601927182,1.7628509126434135,0.21201232903135753,0.42119330484238615,1.5406958407742903,0.8849785536755234,1.6859420454054954,0.9213380395603242,1.2118012607070239,1.041556130314019,1.0076288634151482,0.5461314856193347
37,0.7037559797818146,0.6309098991497772,1.5708340629792565,0.39518602450119866,0.6098758886855373,2.0717521808862465,1.0512056108931196,1.8302160954199813,0.7685132336312055,0.8870532808527121,1.8143699872039687,0.2810274067402639,0.8502439921488387,-0.4828808831192639,0.2937019518256174
38,0.32411151774076846,1.0169708205200856,0.5012839183453544,0.07747185848933191,1.6363882573236115,0.08153190479255407,-0.14229424895141551,1.218522320434023,1.9313038278214838,1.0005110136887647,1.657885910781596,0.6477845322710264,-0.1173762451889892,1.9872117171134311,1.8464468051425291
39,0.781971472977964,1.4569371607154604,0.9514740692947086,1.0410047653838679,1.917491105602501,0.005983441028168085,0.09111611383652235,1.2412951106997947,1.6284485633839747,1.6656915679302604,0.9147460461355124,0.48157063415146206,0.38004809059214073,1.684683297242195,2.3654034944065003
40,1.743679588022294,-0.18411937390967886,1.5302605919030021,0.829246909146943,1.4135747036447337,0.028966161721081518,0.6104578288399063,1.5461320361357263,1.095092564607933,1.3785040951312117,1.4087671745264871,1.7021777718778603,1.4792105439407157,0.8813121561249568,-0.47712027152419967
41,1.1752553557438552,1.2522758785939077,1.2662378022672507,0.2720910780589829,1.6693707896452958,0.21853031240750143,0.9747384490758113,1.0866967918461305,0.23856480000252533,1.0723831250089984,1.702618012729208,1.6785821310496056,2.03288365225452,1.00021852042327,1.8939513200662579
42,0.6604207311572264,0.5258076797121045,1.4710845868276357,0.3786425001872955,0.8412517495140532,1.5165501369462542,1.2086653920267354,1.4233320231929858,0.14043598793344403,0.23570014690793836,1.7946319845371645,0.6021925643887691,0.7886016572449789,-0.08256419641755271,0.3041129253149291
43,0.9432771798316547,0.7031500201959441,1.8839888792415833,0.2599739445750654,0.9261111466538436,1.4916388327668213,0.27017782045686595,1.3629859068194339,0.5295787644500509,0.583306789425738,2.000193927531231,0.48573851718680705,0.8805698580144881,-0.41001095816305144,0.1615062706091571
44,1.7916587539744013,2.3314344650909256,0.5490985649940188,0.7790609943894475,1.668807352369422,0.2572190243049355,0.5828721324992969,0.4866683503119842,1.045118678592135,1.4170285423080808,1.0101175298158567,1.4098550950702755,2.0011726911155168,1.0838667239642754,1.79532638254951
45,1.049494665159569,1.027841874813338,1.381513286364244,0.3744642888809059,0.898746232760273,1.8476689674752693,0.9887920456476336,1.9940834128926255,0.33519309320390567,0.45927188459896195,1.4484647093966299,-0.18193429723942994,1.0003427905475397,0.10908852328666636,0.06967686116663974
46,0.5069489037789507,0.9763325122038965,0.8300977674222468,0.7951483832117404,1.3799917992048851,0.534205808528709,-0.0016154918760803438,1.2771826803609438,1.8427381262685214,1.8323975571444928,1.5239870963443165,0.20419210482582525,-0.3516705335828367,1.986070004955166,1.8289587282898816
47,1.0913969693414944,1.9501050929114268,0.7099677685483872,0.2684032217576765,2.5755765300009568,0.643647411560959,1.0397811500956218,0.5656481128140693,1.1504559580174867,1.5884706040940577,1.4610578542401178,2.2911958307271214,1.5923466535300486,1.1269389609817764,1.9323350635235552
48,1.2179888608357066,1.2037109072707202,1.2880061344090503,0.13135650175892172,1.300387976738686,0.39151176093901907,0.8769903966157251,0.4327333793648872,1.2205643765687204,0.9475336015035206,1.2716844519315995,2.0033767105622715,2.0625060662781576,1.3377649747375662,2.218687316353965
49,1.704226373770967,0.07272367059359651,1.7734642511252925,0.7884072939940663,2.15537434092068,0.4810844326734155,0.741942607294203,1.3866875186172405,0.9874984110775926,1.567492475964441,1.680474860071094,1.664959199675731,1.0118231338534298,0.6062830281435037,0.07936113421884336
50,0.6580251542993975,1.4318180729323473,1.8314988589703234,-0.1604601418440747,0.6996041129712706,1.1580579686218906,1.0042387839745637,1.8447326176633283,0.9569489206507564,0.316846145112305,1.99400153213925,0.09960088816227011,0.9356113904439026,0.16140980409587913,-0.156283912476948
51,1.5121669247704508,1.5576786097925184,0.9841948333166549,0.6381846721190871,1.0878194846746516,0.033521532672700194,0.6362518421135575,1.5099353797016613,0.9113863213192488,1.642276344733413,1.2443535313962273,1.4897874547866605,1.0631618577982431,0.7165236602746956,1.8363047145534437
52,0.3688405975465592,1.0268406849100316,1.4283422061562847,0.1291185730617154,1.1107587305677677,1.561958443616866,1.1110665132198707,2.0235077833385344,0.29605793557934507,-0.02168857265535623,1.7001401806392928,0.3806357087130331,0.9741986434141391,0.16877429389211845,0.315119779361531
53,1.420080092581414,1.630018165894626,0.5808591034179567,0.6293259652149157,1.4979892561792922,0.6279837087510558,0.8918498248175298,0.8442307406416529,0.7319192212136008,1.1304825957823312,1.302591478854254,1.4459396661209016,2.1761535329693387,0.7359969658560328,2.027099303862198
54,1.6441201730737376,0.6261798239361936,1.3953456152567691,0.8582019527629675,1.8189798808010287,0.2821601881035107,-0.04067679937052737,1.569923943098116,1.2223730041724985,1.0722627622365235,1.3304459870494059,1.5821291530270776,1.0566567360360983,1.0847428051967396,0.567426092346098
55,1.0187568922883121,1.655879535324968,1.4270717124773118,0.9558952315595788,1.7128425002044132,0.5147215665154544,1.1011159241081163,1.1158319851256306,0.5169237428092125,1.8747389324632404,1.17265835744672,2.2685914823171873,2.3903906059673323,1.1940128013391642,2.263963386818991
56,0.8479471866877424,0.5754061279724871,2.2831880000691838,0.02050859828493229,0.8059405672721242,1.5704561960234735,1.1380953306128982,1.624576780124152,0.41395462203872085,0.7646728071458897,1.7620778871410236,0.685668343559983,0.2802859955781155,-0.010378981205640216,0.1763075996504524
57,1.1775484780842504,1.40072882031753,0.8239210981970744,0.6356729175255975,1.8263202789773705,0.30446448305524,1.093972158614442,1.1474111773705558,0.8142821674165469,2.031089395652448,1.6397188615879588,1.7996035755479018,1.821502443551841,0.9214017245012247,1.6460510445013328
58,1.2178069328248569,-0.22408846961053686,1.247698719581791,1.1923610226030494,1.2676322765260375,0.19857449083747594,0.37736434044190936,1.442679324968177,0.6133730749903012,1.6497139539350887,1.2581219033471422,2.081240472806276,0.6254421476510228,1.454298492881555,0.36427508455086755
59,0.7535430162284751,1.7863815582420697,0.41258757418826064,0.7230442277547938,2.5182677622247653,0.14551623372019426,0.2323719790366966,1.5420047312413634,2.0023527247742896,0.9852582909383638,1.6353482118223672,0.5015259217135908,0.019208825597708812,1.5630792853559101,1.9209135153134405
60,0.9640597223598725,0.31684696972337434,1.6930064619252836,0.5867364229344698,2.1109915870176357,0.09726505988914988,1.027430476039116,0.9248283992923672,0.8165898682206205,1.0438841078591856,1.416610951671715,1.9967981224711862,0.9676314661045952,1.341557054678139,0.48153585697149587
61,0.32246790659480196,1.4181197421244958,0.7109966141061209,0.46079840652939263,1.810752027061692,0.25350476694841007,0.8187001182458831,1.4736031128266702,1.5395975413704706,0.8073566627378466,1.9811710104750475,0.7866054412574843,0.024586672808270912,2.181730558333794,1.7015888525492204
62,1.1370768918720908,-0.05068311692309199,1.5111416393477826,0.012231682788103562,2.0827509970751477,0.37765387462679745,0.6123991822615116,1.04160562638657,1.633213854227127,-0.07268390263179114,0.225069565693725,1.8121168644089365,0.9427541083948306,0.29862320640542583,1.560935301400344
63,2.01077121331308,0.49985251500486344,1.6611278113012218,0.34267148151492655,1.810991079004502,-0.16388683516403957,0.30964345538788196,1.2489446074461426,0.6894333978893209,1.685478060287811,1.1733159646830547,2.293542154340335,1.2590080970368576,1.2500814069606052,0.07499237722322363
64,1.4888476639751265,-0.05584454043518891,1.7078652910201426,0.9677118385917535,1.9567836091223385,0.13285387190662726,0.5094401011926653,1.5487842098487004,0.8028425020971721,1.4448229794325662,1.6571860322117353,1.8563242082731075,0.855926904810485,1.460841679897805,-0.01834467210782384
65,1.31916679572921,-0.10291241371406704,1.559579458612535,0.8175797142523972,1.9857575157860596,0.4484539554416509,-0.18968737600562524,0.8361914941216547,1.5228263898284429,0.3281785226378762,0.6402051754164475,1.8874111803979015,1.436354652109478,1.2936507037350227,1.595031687783147
66,0.7456043425246633,1.6448357352712994,0.8360638561802809,0.49714160780521943,2.0712376867371276,0.3420719272453704,0.01511604319455434,1.9564114899035272,2.0369509760247904,1.2837444187371723,1.6015282622286113,0.506890138333636,-0.29790396299193606,1.6397851388288542,2.1849085515692828
67,1.4833703950369177,-0.07205807344092441,1.5761126007988082,0.5404241663479559,1.5189203450626714,0.3647099058747134,0.6650846983323586,1.1344949618438793,0.8668385606138206,1.402291753526936,1.5066953808204935,2.0332589692194696,0.6988649771559446,1.0761254157833735,0.030108783485963492
68,1.873296186465307,0.2649934487348442,1.4782312841362861,-0.04432878385481742,0.9188936888009026,0.3505229065668819,-0.4783278521558514,0.5574861949943409,1.7574558731479217,0.02754481164237872,0.528081537978286,2.133725757659268,1.0512311841661657,1.1601805281809434,1.8467278141900925
69,0.40162401576770596,0.8474349347555267,1.950607077015945,0.19398273338629451,0.34372033295292054,1.8748367903194931,0.47322268035079423,2.0383760404155766,0.3969515107783947,0.37507017556230726,1.8722402399780862,0.833489348089837,0.7359322560932184,-0.07915380412720442,-0.02302337014264877
70,0.42930024154951973,1.8417716481560265,0.6865648338968197,0.7853495962126702,1.7124343059315732,0.3275668459464103,-0.4013388478478632,1.4094449281416264,0.8297109015631163,1.2780544057018515,1.6250511628542936,0.3133807024438141,0.04882258076694879,1.4984108590695264,1.9925176616990061
71,0.7919361785321337,1.5675996295937267,0.747512279594356,0.29224660041158335,1.6579770272102892,-0.33373984299030923,0.7539593810972889,1.6213644286802693,1.2836093441235863,1.69672979326198,1.4375839780559108,1.791673076308081,1.9761342086538467,0.8427089636441912,2.1188077726028864
72,1.5947798323354219,-0.1968347918760895,0.9977840152480675,-0.2109537814329593,1.5693755060810797,0.43071467888241943,0.2545184358479243,1.3113876748452742,1.5145189124142338,0.671638927338792,0.3152564057253803,2.2176663507402066,0.8213063990557941,0.9476328654770575,1.6664582903715868
73,0.5477993013447328,1.3643800948882472,0.8012226955965255,0.9608828013006956,1.532662424363687,0.11275713825924702,0.23061166127255267,1.5251512641774974,1.278785653093777,0.5782613689308558,2.2520022488815137,0.2152315596174122,-0.10079533722206338,1.7960915234239045,1.8234774328510344
74,0.4621043020725807,0.630222650562294,0.23864575560670492,0.3584475357250806,1.8350682099414781,-0.035230132790034174,0.49551936148812964,1.5859141852289422,1.8280119281806901,1.3527954955860557,1.4369437352596106,0.33461709321748945,0.5765895039942148,1.8190293284960024,1.8068642741314498
75,0.2263591763121638,2.1791695177290924,0.7866850897233839,0.5182396472543302,1.4560388872067702,-0.05508065200105389,0.29972933456852463,2.056916445574589,1.6516088452876547,0.6337051120840982,1.5286104232357274,0.12397732617210488,0.4902118066958928,1.5943104728707924,1.8349426942708416
76,0.7037347255771673,1.218499391909425,0.3854492502314443,1.0308772671766016,1.980988823486903,0.5401355012863307,0.2779850565658156,1.727367696646414,1.5206805726864714,1.3618010464617358,1.4986914336119712,0.7819176882233303,0.17978105891805324,1.9366638986486886,2.0020598209750036
77,1.1847369403520194,1.5252753044623035,1.2213803844412032,0.5004236103656173,1.8354394217970649,-0.050515694154831425,0.7540260954289002,0.8671272234447504,0.85348381680875,1.823367998509695,1.3329390432215116,2.1384256053312902,1.6867234888776381,1.0531575054343587,2.147194557646836
78,1.256097938624156,1.2623880104638356,1.5935194861918593,0.32471750578725345,1.772028227975331,0.2819874501339099,0.3714409089489932,0.9546152039825073,0.8775911703645853,2.0010955902491836,1.663771236622797,1.7618417208068244,2.130006868450114,1.0244987198657565,2.4493877098361416
79,0.7804899720198251,0.9319983542010021,1.426289335371176,-0.0020778341565743375,0.11584042387929017,2.0062692272790046,0.38751727004627284,2.0914139639187566,0.31803672496454677,0.6166512287201091,1.587099427663133,0.03934243674098603,1.228410210405691,-0.10542576775150272,-0.09575904906556215
80,1.131429161639944,0.9046739046545788,2.354280923997102,0.49717558654345745,0.8108724857344292,1.530392635195938,0.10496500671488207,2.8033305478240393,0.1554545977590115,0.07157258956883075,1.9319611591582824,0.42158729663939576,0.39050541999685073,-0.19115677076328966,0.6580328733377252
81,1.5379600134026896,1.1960015813466658,1.8632185975966673,0.39931307635991564,1.0547747632646127,1.9857839665010593,1.163560547669699,1.991293010423176,0.08515720075038036,-0.11004363226922687,1.2303870635557088,0.18513373331694444,1.312548154230281,0.2337352896878382,0.45663072033765895
82,1.356220855909729,0.3255516239962725,1.809475109048678,0.3964017495632981,1.3343566405491527,0.36655030332742855,0.0952528795921625,1.1554687275764224,0.5662065423630949,1.4008949924074325,1.1217521207918522,1.7658855428898035,1.4433773494467634,1.5425662734863734,0.4814562271893117
83,1.1031982451187392,1.4685517897183251,0.6783376399719502,0.4081069396326965,1.8154133581897498,-0.097533716877589,0.39865063549588975,1.3585337671678532,1.4572259613143057,1.9485327620863577,1.492135841798367,1.6706234682956325,1.5978879115875277,0.7505750515125453,1.8949804858790753
84,1.3713045998488052,0.04342768772875444,1.77045411404393,0.4329615908238007,1.9116868412111105,-0.06738686187335163,0.13071286392978654,1.3464775497971693,0.47878267055437873,1.8181558623846659,1.327196735742908,1.8917966012509229,1.3449702893132143,1.333894354061282,0.02923264334912337
85,0.6899442833085406,-0.07874405583333793,1.7670873877454778,0.6317757221004723,1.6500265123211495,0.2352725489330259,0.5642215795795585,1.4511304007678731,0.5574246128633296,1.5447450227265456,1.222387521039979,2.0143873982854887,1.207651134506617,0.8368817947632885,0.12563414291644298
86,1.3284307719411952,-0.02552236784643752,1.2684392202400008,0.9241554094606814,1.7215564534310244,0.3153459663625937,-0.02787124468605301,1.7177682251759194,0.7824167131377346,0.8139079403472135,1.5808649419489922,2.1211486698552573,1.5995066307116472,1.3122512180704597,0.5983943292157783
87,1.7480998789350335,-0.15763957063199718,1.5839843166326224,-0.09850649312013224,1.1920935843975922,0.15202593419850058,1.0699385346613708,0.9385057063771678,2.0818973836197356,0.13461699921323322,0.5763381920631103,1.788568061925854,1.0070499204527381,0.9110100251728505,1.3468628808185674
88,1.018415701122255,0.8654273111338099,1.468241052407518,-0.2912859090560404,0.4323066376626053,1.7486791426184838,0.863690592854114,1.7661378969486041,-0.31008092619435723,0.11327378619485862,1.4207633561090383,-0.1881345572542234,0.49842796586448995,0.038047728694753,0.3938520535571602
89,1.6010173305560917,0.25196191515649347,1.5264538843878017,0.18813463623357576,1.3812042220209997,0.04658112136650605,0.43481538984992535,0.5318612130931764,2.075083482837461,0.054057071769416404,0.5440389135006243,2.6332639948801653,1.384236461736244,1.3094038420301486,0.8381690860455524
90,1.4249196447100743,0.08048091845404838,1.747971196079274,0.43629189058796874,1.8679832906185982,0.06446663792273102,0.23564354691375483,1.3082333469592482,0.892857913592963,1.6307101184992965,1.1461285612829153,2.095197892123137,1.3088090393885758,1.2654198848548766,0.4587252953889648
91,1.1126756329093344,0.08995099048121967,1.722519625803001,-0.22909188163184963,1.4938143845072525,0.011663252529234197,-0.01591211673449383,0.8586302480978616,1.9704538599970465,-0.0011426176269207708,0.5832083291731087,2.3076469499497785,1.2946195922668013,1.0034329285126582,1.553130956833948
92,1.1615346543631586,1.4719029912943473,1.1784419367223062,-0.006093734853550026,1.6576792741456072,0.4269604449143424,0.8188856994556516,1.1034635719813166,0.9686170439444501,1.4924486189135684,1.6469239928045627,1.5024265092517388,2.0253430123345835,0.8994498013421588,2.201695838489566
93,1.0438099382334711,0.5236500893765811,1.201954919699366,1.4102186644925805,1.8357820681868589,-0.2924673858255944,-0.00026840134525790704,1.2992305146800514,0.5662876763962865,1.4884249572019117,1.0850766801678655,2.275905851532959,1.6806428434175567,1.3151153521899486,0.05919086918489544
94,1.7133127994671893,-0.2897643131142074,1.4445942831719965,-0.20747396553083303,1.315932791749205,0.014940342756464303,0.6943026970653476,0.2892408180038803,2.1274872044421116,0.009612486583392678,0.24578314313983235,2.4960373999024474,1.325746328758766,1.1773580630612617,1.746047303886347
95,0.9729625223893814,0.9054803997054388,2.193898770140884,0.3443970391110044,0.8357937799582483,1.7332314366288342,0.2080212170951775,1.4454048122212002,-0.07842132839201232,0.520830569790588,2.275934028899214,-0.068906611012651,0.9773529280474668,0.2600076957300788,0.15079524678359513
96,0.41237494236554095,0.9185415552847203,1.7081569986156642,0.5672409054103025,0.991890139403441,2.1898886939310436,0.704731161248598,1.8840018155498388,0.2871013688520667,0.07789967724682922,2.0882495081196897,0.1111851140873682,0.5446793605786555,0.14787274925355703,0.64839295441024
97,1.302435030279813,1.2400179060245007,0.9033465567395821,0.4632820606446351,1.356715469565482,0.2212772015702046,0.2872152090014318,0.6423862664172972,0.623734667169243,1.8100716304425912,1.4199075214263286,1.6227002223099123,1.778439075057307,1.09414732314365,2.1558769230450125
98,0.6185729778691761,0.9952623239119377,1.9429617121284317,0.4641258930580271,1.0428262697659996,2.2544513586596704,0.7484542901039671,2.0079863957065647,0.6653648345957291,0.29681346710593504,1.8140156475625056,-0.6199683770048117,1.0687719870910353,-0.21083387462603456,0.052365094782816535
99,1.3508993029129663,0.23318701057978622,1.7314837282938764,1.245607104365653,2.1422911035975436,0.0842151883147042,0.2774530966977909,1.8782885867869057,0.7148826302141852,1.5524131169515392,1.2404593707411067,1.7614217218559949,1.2114822069677942,1.5873214178329162,-0.028349845871735696
100,1.105327824400947,1.2806011658734073,1.1902831758452312,1.0282302681793714,1.144704050563476,0.7955586597003843,0.34742416012999305,1.1160005891675868,1.3018107930534633,1.00828661696017,1.2705315353620923,2.0739721767935313,1.5584430104722409,0.9742775156135277,1.8640274308440026
101,0.8023263029927306,1.2767291229111943,2.164275094052294,0.7406955474822297,1.2251054861884936,2.1046415683384656,0.43987113251571486,2.4979100401195518,-0.2550329079261816,0.20054469701977268,1.9950106123709705,0.1711808612136663,0.4680319932738358,-0.7415060028209515,0.3144724842437302
102,0.8903573895200869,2.152515993235278,0.7572627921196806,0.6929820727177597,1.3643097781452052,0.43617700441582624,0.514272839143382,1.0804987199896634,1.1553669984808241,1.439248573601938,1.0530858129444662,1.6270611601337504,1.9933562856198517,0.867933202479373,1.7564625832663068
103,1.2673564852735775,-0.5385154363767441,1.0449249560448535,1.0911463587709338,1.7220520512559168,-0.01778431848604628,0.37361633147840667,1.7068987981871475,0.47232164807803334,0.9459728825585467,1.3474050874585763,2.1996862301636773,1.5759521961745413,1.4937251156321165,0.3308932712774917
104,0.9512555144761385,0.007779323621488365,1.2440525387379853,0.266218499689687,1.930308714808445,0.34817918725748775,0.180610085921568,0.5823184339548964,1.658026309891096,0.1604214975352304,1.0829550779669699,2.392658799546517,1.2670604638315008,0.9901227060099211,1.882855220503181
105,1.0324022139778357,-0.1930346725695012,1.679091486091978,-0.15843819647020646,1.2401916157677408,0.2206959537829741,0.5622420118280321,0.4341185704442069,1.646970056229411,-0.06024110649655132,0.7086603664962134,2.2292742708047655,1.0696713733119103,1.2300251052853224,1.2300657401477948
106,1.1616245211819374,0.5516114698008046,1.8635836119675877,0.6618200597426043,2.075973991194306,0.17213268864362424,-0.05409113810591365,1.539222038289273,0.7531182781142398,1.2041306036651855,1.2599331226413817,1.5435238546983756,1.5366022890790745,1.3342360619091864,0.086364903785244
107,0.7161558413157184,1.5485528733784923,0.12440788433642097,0.44725193194651003,1.9524256485103153,0.03238089852758891,-0.44604766932790574,1.2368617092145087,1.721252345586456,1.2983961258562833,1.8573435370837648,0.5182778432327779,0.13126299505337918,1.971584033454872,1.791879170860035
108,0.5942386885155543,1.0608039304347685,1.4239680702152437,0.44282338265586724,1.210989387201417,1.777545596343967,0.9249133339015793,1.809722668515843,0.6037907910015938,0.3800114179903354,1.938377113381378,0.42974471621257493,0.7346473117266289,-0.06248352445918455,0.26265464394103055
109,1.5507844162597724,0.5801329588686913,1.369917957542879,0.2731136559803865,1.4277569926581914,0.2622457472521597,0.20107651991929654,0.9597860887434395,1.5428654122479282,-0.0025183959261754346,0.67175497601985,1.9265536309724702,1.422016789893637,1.4050394320297,1.5463168704071901
110,1.3835801608050182,0.9936139771093945,1.3794037929386758,-0.3193082738138203,0.5662059301064694,1.9064057391684623,0.6231563957597828,2.052182174845487,0.6692116498618763,0.1780353998652695,1.896599357546095,0.5101004013004052,1.40345563610639,0.37097700611658774,-0.08362688134158236
111,0.9928897974901603,1.537781398018029,1.1439827407556198,0.710880164974254,1.5675164293374162,0.18729038573683957,1.1371183335056196,1.1649103290944498,0.9797210134923238,1.5869746785074266,1.6380314360173747,2.3700935916650114,1.8200998347461048,0.8758842825729661,2.167961559204757
112,0.915892140662455,0.9439526412006027,1.8458329633686383,-0.24749756641916276,0.720275514061113,1.6149645152028684,0.9479456612905367,1.9391556133663341,0.7421738285920537,0.443739219724697,1.7914229010279776,0.7825807834051308,1.1125209381779788,0.22749906444556547,-0.01318772927772438
113,1.4084401743288744,0.011518699650430203,1.1274600222164974,0.5074972225528998,1.838236572845918,0.5782445044214379,0.611710427922297,0.987021974292236,2.0260419110439623,-0.15465312912293824,0.8839690241158893,1.873543858975286,0.9710462316591579,0.784021072790406,2.292675109662532
114,1.6632744058280813,0.4118237690951324,1.8286153190808634,0.7699743836681938,1.9973745062762418,0.29777165028029073,0.7838261749735369,1.3062922538260295,0.7208619603291468,1.8826540993279508,1.1291385215651522,1.9734768041021735,1.1728748402747822,0.8963012208697927,0.28678082655333964
115,1.1172657987274794,1.3041173591271247,0.6155461671372351,0.06761476976806541,1.6077073840605207,0.5349970646164808,0.9311741976841063,1.2394909660375706,1.4113088816769008,1.1941320417086216,1.5361094872013583,2.1175130059782146,2.0608951478801907,1.1772465056832984,1.8690038582644797
116,0.9373341074313468,1.554570140213448,0.3671569579545868,0.9689932114695252,1.784958239108932,0.7357003238771744,0.3529057811047983,1.2113235049668234,1.6625334988740998,0.922957256648786,1.9764585123808722,0.38427961269739264,0.5209212625799867,1.8044627171629652,2.2648525261963233
117,1.4680853283900133,0.1862077939804852,1.3353674166446208,-0.22690399348709328,1.3614421838083044,0.1901731490370481,-0.023956225569721767,0.4298497936193801,1.8931465132453196,0.1745364330689812,0.4608397249425297,2.239213459261544,0.9428759084028098,0.6603788847159296,2.3287220037281964
118,1.4606951208526073,0.19401767102194056,1.8008342053540405,-0.054731872918008156,1.4096497108481685,0.10315739981295488,0.93573414468764,0.7485768243186756,1.6026917760110886,0.37647978133422927,0.241279622714834,2.1321613223116174,1.4309222423170382,1.2076779940732516,1.5686539362902194
119,1.8190669096663616,1.4866167436640279,0.9748804327339632,0.6804141072309005,1.731908652437244,0.46971738267571306,0.8460164915387223,0.6962926558796403,1.7212464622071835,1.3551931032855942,1.7780415436023291,2.313658625933658,1.7673678709365621,1.1779214369862885,1.744534637268477
120,1.3343993032603128,0.8307145360167763,1.7038317187445295,0.27842997162299565,0.7800847996651846,1.6514993776134603,0.540101284749689,2.117139438141702,0.7138608619691842,0.5198161614758818,1.5070176769548762,0.6032375506955647,0.6396482884595367,-0.4139062461372046,-0.20412737495519606
121,0.7060471336540652,1.7983932995547134,1.3148765049015163,0.23022282524596266,2.373232628192649,0.5287302878557685,0.2742247193603041,1.5424551701300004,1.298519058632804,1.3954791381081755,1.9722640087279941,0.8333276120503275,0.011022601215748933,1.5640650668060363,2.5034663098237657
122,0.6585911977691018,0.7851805507088323,1.7280742977057346,0.46300276351795966,0.5858846569101955,1.4736202400562752,0.9396416956998062,1.8116069195763742,1.100297161962088,0.16451016271392183,1.5811996502033172,0.5729030743027353,0.8863547308555197,0.011559517490469982,0.4370320284753294
123,1.3048048387388793,1.7308477365478965,1.0888576512413226,0.3454829305325664,1.8287927789029292,0.693935823010098,0.4265025997665562,1.1725582143491706,0.9891131079893266,1.0514769416272476,1.600013115150082,2.334596602259338,1.3953009813336257,1.6069364938272328,1.8927852875148552
124,1.1946401700233236,-0.021127982811534246,1.3437500060036058,0.8229994221608474,1.7919710745803004,0.1452926345835207,0.16847285680843044,1.577190417269363,0.7631481115769444,1.7883313938442071,1.3910295713860736,2.008284293597973,1.239559699612781,0.7164724110867577,0.4167432771375801
125,0.7324611489318018,1.2034933472846119,1.712276607315334,0.23961530377450216,0.6931111239665193,1.336415415855482,0.650221620194209,1.5807425987419876,0.17308240905578154,0.1879247241355272,1.1178766841270593,0.30604915969516666,0.818992287154137,0.009025647810845092,0.6249703866257392
126,1.0327108126740348,1.0296939280686135,1.4351101686975458,0.9731048878743849,1.3952049482582083,0.6269632351927784,0.729325225412485,1.5386856158751887,1.0641644916467454,1.7057778913413468,1.5736545272266822,2.2737859347090508,1.9346474157524438,0.9001310635757737,2.4693135220240032
127,1.58956095106814,0.2549440821439596,1.7354910631933502,0.24181376538365493,1.6223861742895556,0.624902388581565,0.6806279959817192,1.0776114557337317,1.412343271748651,0.06804259682993086,0.5495591959113306,1.8739044841300332,1.1050026519935223,1.2308952413430716,1.4486510613380368
128,1.7031569243829816,0.13472294786338382,1.5012916150886666,0.6931900935931227,1.8502955609924678,0.540863653083753,0.5838592718143096,1.3128394356806274,0.9854257957475903,1.2040229561589846,1.0477968761719525,2.0720290250375544,1.3445270335956265,1.169415107119689,0.4518691852966843
129,1.4144497675188659,1.9648868724090232,1.0330741845173672,0.6581578396877474,1.5334221608912415,-0.2428225988065742,0.39808608207784774,1.0358423274338695,1.1311111393698543,1.7023714844638151,1.109552599787741,2.0510022864270008,1.9658482085358937,0.862638198009029,2.720400335706035
130,0.8205757721234641,1.632553737550711,1.0627712572602188,0.7874454938594562,1.408720547039932,0.24504555000980305,0.8940378692893355,0.7260304064802661,1.1628545664014716,1.9291293155354314,1.5733536141246915,1.8627104219733308,1.7648501404342585,0.978806780013246,1.8247882711254195
131,1.7329045006457813,1.2995789505882087,0.8144852703855444,1.0425636553644608,1.5548823109267729,-0.09709101628540845,1.2843479228761523,1.1416376775643267,1.4610549777908113,2.12049032602651,1.437410777519572,1.874695584481589,2.4087039626830786,1.0790208283560023,1.6354071591423296
132,0.8715255130547798,-0.14547529228468423,1.141643678951816,0.7099903608231024,1.932910779897595,0.6287425452624725,0.6049569213558411,0.7866730631233456,1.8934468549993575,-0.08521725430737623,0.6673117536543461,2.071304934272994,1.264297984584392,1.133657659217,1.5147070242527112
133,1.4212597826534827,-0.4053014084270766,1.12274824272211,0.6936132961149841,1.3878671711850106,0.20029438543091277,0.9114018826660811,2.0972934037409545,0.1927473328530016,1.1949048665377286,1.3543946946641534,1.9040254480431784,1.2012088702482584,1.4891904216063252,0.6856100979225156
134,1.3474823966592862,-0.08423957677375377,0.7688072573373804,0.18065396913970344,1.765800380230438,0.08659303240673202,0.554402647171758,0.8531954363141041,1.338263914505093,-0.3005967421482599,0.5080277680454958,1.6421998820766135,1.5743269862612908,0.8717048007836725,1.2937892433784208
135,1.036271297677464,0.35135853045885473,1.1545805551147974,-0.024393946076316064,1.9586511563780937,-0.045686017393750056,0.7320631295576987,1.1166056175482506,1.5492647833936786,0.33081258509820544,0.7600693807169839,2.0904075709393903,1.6265518749131773,0.70734466191697,1.6522698988822244
136,0.7484591033319746,2.540272742840836,1.4288383370524254,0.6587709729179458,1.5470876287125346,0.3760149808621396,0.5560020248062935,1.157713884883341,1.0463891802690277,1.205139090843038,1.266251536340433,1.7561392502094415,1.5153203933495054,1.2064718733396942,1.8890082859923538
137,1.2056395633581074,-0.2663671497853093,1.0952150072625826,-0.28993464293844,1.5605813111701934,-0.03955896446189461,0.3591006151322363,0.6086674607809139,1.7008843236068647,0.5683660142406843,0.6880550018538076,2.0229740518502877,1.0352059449420936,0.8035846402920521,1.7382200368493739
138,0.5795508822489458,1.354070468144496,0.7566645528319622,0.8620321987134714,1.7452689876836607,0.2617593754975304,0.19755137175993476,2.0683009807161516,1.1838290840669536,1.1856909184499917,0.825878181613709,0.3333982823094204,-0.13630844714330373,1.5980395939631176,2.4939697567428203
139,0.5803652431393901,0.7940468068199318,1.4497991415883082,0.42718074430386266,0.7178069622880826,1.628919720541754,0.5179718469650916,2.074776811281763,0.453523924383113,0.07647056840436947,1.6357512295491008,0.40756789642797997,1.5241178683583136,0.26210376839502103,0.18713582803079287
140,2.001834024062867,0.31105132182676626,0.9495286088739839,1.0701234709215925,2.218577338942745,0.052915603744016854,0.39061030150732756,2.5341708766728424,0.7396807795034375,1.5419134151035165,1.7994055449094515,2.0672633828421425,0.773786851812176,1.2738804627348892,0.32267712028090567
141,1.695890879976843,-0.20870312604863056,0.5004095354640742,0.41397829962620386,1.7538330560111524,0.4032307151362052,0.3345851642248536,0.8898097319945718,1.873939800307107,0.12700095254781313,0.34111612899784705,2.145906324929334,1.4908501194453954,0.875450549874632,1.3414533350766082
142,1.5695674113131979,2.448493193734736,1.0156559050049903,0.1009964589677178,1.4264927645385062,0.2327286437859267,1.1342428805910683,1.1117870965855179,1.1919838337103508,1.6170123386862456,0.9286115162466813,2.3313226741946527,2.6477423237157582,1.1528394768313033,1.7181650136488846
143,0.7052931142926201,1.2141035080600375,1.7889012325229712,-0.16761112332957534,0.029761417130365064,1.7496856609391835,0.3908028921364803,2.0330937301932557,0.5659222178424262,0.13762291120176107,2.0720853481412975,-0.10903938178643025,1.0679108952320862,-0.25724167189769576,-0.09748297546426804
144,0.794138375052714,1.326148155431946,0.5880914529004184,0.5247294595539602,2.1519824591945667,0.46412359317179497,-0.44948996020325194,2.166167058627055,1.6824803416108771,0.9858891398744991,1.9086083749138458,0.6651199017623752,-0.12482774763865392,1.7429735183991748,1.5122072519163914
145,1.397707617903241,-0.09461005201912911,1.3523482362799693,-0.33289820747407967,1.9560692951162388,0.39021809022168397,0.5274548381926347,0.7864344460243451,1.866910317562295,-0.35681143419536604,1.0668654239119353,2.3993793985405754,1.0510281470729892,0.2839442811987276,1.3149426309684291
146,1.289110999757106,1.6699489496152213,0.936765699744657,1.0267247916271736,1.8834591855017488,0.6382730845714655,0.6500232052385018,1.2654934330860659,1.4126760531523503,2.198453124255371,1.213372252372497,2.0495156220597925,2.088741933272733,1.4365726628357165,2.116667888578566
147,1.3742413110794507,0.3293487658775007,1.2480046666510165,0.4173883824932873,1.7669748403806047,-0.5968715325829187,0.28455315089750816,0.5418228908396652,0.8398456009658638,0.12599026689467996,0.18567313181067463,1.5746543969181332,1.3411909631164096,0.8402731403538205,1.151741566862045
148,1.4562028798873152,1.74288268174584,1.092662096683617,0.6851465439117892,1.981659542723539,0.3484126265718979,0.8193848135475019,1.764464938577222,0.9741703672621908,1.653630994008796,1.0340460056263239,1.6854533037505366,1.8982922310405108,1.0712584735586106,2.1338366898691206
149,1.791274447611831,0.12291877364595027,1.3533899260585178,0.6135709666509026,1.7622304378197202,0.7924120685822215,0.009960599181746355,0.17016781101396927,2.297478713541326,-0.024155212645318197,0.4603453614263608,1.5278900376383262,0.9795481399362443,1.4715747908757377,1.709890476423037
150,0.7905385876276966,1.4567593294144605,1.9666128160781184,-0.0007926669880894688,0.6454698344777374,1.8385169667585926,0.848276512068441,2.1578487015266283,-0.08716227591324444,-0.0654208399353895,1.6169853740788787,0.44651555067867654,0.5685817157888875,0.18150070179448222,0.7565293919862728
151,1.0911036805531502,0.6158253105936949,1.3440180853368078,0.2223703694374478,1.6038933178229715,0.5973422500783501,0.5152893643912411,0.7224280869689139,1.0708255535524067,-0.18141466294840947,1.0368765995559102,1.8095402673854837,1.2355441265962503,0.8828223573804694,1.5346569350302706
152,0.6427703685228044,1.196236408816311,0.21698725870300134,0.5311535371518824,1.6548032733079907,0.3701022524175549,0.009022394461802308,1.2473942120815464,1.2215946532729958,1.4880904836520723,1.4685839752841041,-0.10329547828215735,-0.14759864858520846,1.7090736236843844,1.8679759493357797
153,0.6097886219800777,0.9605808464240041,1.9096831447192297,-0.13120385638698712,0.5826984262238089,2.1520112604348967,0.9658733249235292,2.2732142393881842,0.3704711659876204,0.36811795962659266,2.0894672211530727,0.10548077098890984,0.8978765861181532,-0.11307475273759662,0.14881250392702558
154,0.7260917027464675,1.1704799744216243,1.7009947653206954,0.056803596289442634,0.37220476801802616,1.6400029507727534,1.0002597027574345,1.7705698222039188,0.3243532809026348,0.5105738201157399,2.0367887370788558,0.3469460367208589,0.6889937756913691,-0.02602612808527674,0.46732205113958863
155,1.7967980636201886,-0.10011506962020916,1.695471571923488,0.0660770486928639,1.1388840789453476,0.44766097276904326,0.452898970004352,0.8682414610495264,2.0087947712321133,0.21866234080060534,0.5442088354341548,1.7955497970107661,1.3837553457590677,0.5806507387299745,1.779295419035856
156,1.3295938920296935,0.4727226230618396,2.0383941168132234,1.4141556012265197,1.643849776226765,0.3462864493109719,0.13775610001798577,1.394273110036306,1.240190202534595,1.0591221835365288,0.9213720119638309,1.547481258038288,0.662945278677258,0.7739796417014249,0.1166186923417601
157,0.6456498373838674,1.6447826581839082,0.5061168119288176,0.4443759554345784,1.6340927931778126,0.3180727182204498,0.9046262496677699,1.4273710378929785,0.3233115566179937,1.3833257830734844,1.4587019854276413,2.2423355515012244,1.6935844455997484,1.0286890193732379,2.332292682442465
158,1.0330493653209596,2.2108492647604168,0.5913578434599092,0.5601868193475357,1.9259722490199915,0.2645142707450539,1.004204134140155,1.393263458215311,1.1424702928309098,1.4664724576870733,2.0981634494284997,1.8766180409273778,1.7189750874263752,0.9459749169047822,2.3811339793133453
159,1.30712666356229,1.3994872101443256,1.2965938153218475,0.07713001159654392,1.5193560519505578,0.4238506468747699,0.8902375234969979,1.072812659097044,1.1782296382311817,1.3861254847746862,1.5244977183902932,1.9039484922089003,1.893929749808616,1.432961352553311,2.236701027125613
160,0.05358753653508752,0.8292096727809146,1.9438573307292946,0.13113586995537502,0.4245712405893949,1.6377417919447956,1.370670551354939,1.552340734728867,0.44901883171268014,0.0338123495748795,1.284810136960787,0.2345600797536259,1.2627489391101543,-0.3738214240538201,0.24452512358297304
161,0.9033918807341774,0.0353132751724001,1.5792078453320935,1.1267129811971555,1.866692743065626,0.561625926119496,0.15141639668405937,1.5707872284341646,0.4188757482777122,1.118324710567523,1.8360930731813812,2.144505791058945,1.4200752406228845,1.2803364701944802,0.08109677077279256
162,1.3332445516582434,1.2651412585038169,0.8343814648828477,0.5744483555655625,0.8690922677939008,0.3620955294607176,1.1684481259979225,1.0790003814346991,1.2664154484225056,1.6889069843291913,1.3136170781222811,2.0810481608337743,1.7218653892863383,0.28179898566349204,2.31958872617637
163,1.180637828625162,1.4978249731961106,0.765442185223504,0.9962226009929687,1.2146366299922016,0.43371957982898673,1.337750504405221,0.906023239308266,1.2131249570328744,0.7618367656599507,0.8432112637633159,1.786245852995671,1.8672343700932044,0.5373676561406854,2.257226716936008
164,1.7193300360540809,1.6327301886944183,0.776574803257374,0.13344110300179612,1.487914177337699,0.022428933571072174,0.5410359198671575,1.295935298994788,1.2397285249806422,1.3740194335640816,1.0149655730815075,1.6771649532708695,1.7879076716144553,1.0604473526353826,2.252015360966704
165,0.6943326476793724,1.3571672590043606,0.7022585626789313,0.6407139736831668,1.5542887353556525,0.9318660682547538,0.5181300279723726,1.4853091601038713,1.7191659337334289,0.7668121440203839,1.840838231466329,0.2607298280219564,-0.12722012004996094,1.947489354742001,1.75927459651789
166,0.13475556100174912,0.6589696014812008,1.4608329229971688,0.27144700552428636,0.5784795237605819,1.9213601450572113,0.5970504725724451,2.094258913178775,0.512676863464204,0.6571988984988724,2.2949991206280114,0.02620055152988071,1.3524025072112271,-0.15766229811883273,0.021120732157900057
167,1.7792058300095346,1.83780575078376,0.8449729032318243,0.6713626021070881,1.4486480497398864,0.37169781540773983,0.6062623931201123,1.092777435395657,0.8649131872515202,1.449553667584851,1.7158665265056867,1.6541890129513503,2.155599399978245,1.1892002658013197,1.4562280476989848
168,0.21775535252610612,0.944596609679745,2.0952633380144188,-0.2272495561017726,0.6280438962515338,1.9532401888507593,0.5991469857427021,1.352228558957132,0.06742844182073232,0.8850950425088222,1.5275874508676255,0.09641126790942098,1.5562643174713209,-0.19891943835992432,-0.48370679155277196
169,1.1794016686422488,2.029398591705802,0.9217022072231993,0.12726292666536737,0.8923356131950907,0.6473959701922061,1.1644688274543988,0.8754697219472019,1.3490696849231285,0.9919746858504015,1.3548564206120308,2.2009731032909645,1.8452154070987663,0.6651650698198646,1.5676165888020752
170,0.6163997326510192,2.109130726843258,0.3975175227150016,0.959589556906459,1.8872924606704466,0.7916255350962383,0.5898725669104676,2.036229569107887,2.0092498482308585,2.0100137409210177,1.2028520298557006,0.7531343617042143,0.6004171589035128,1.7253573275829317,1.7544394678648079
171,1.645637232418363,0.2643245096485105,1.345805452371226,-0.01276707719767406,1.9863161883592246,0.5998354246418761,0.13758470675078285,0.4800454905912866,2.0606421468476674,-0.4382882330450031,0.5878588611476822,1.9137427515323975,1.4656480328076087,0.7168975546791467,1.7986384708235446
172,1.458466668017178,0.5303783660709659,1.7317718050128525,0.8617777423736266,2.1873413266138537,-0.08744839749831229,0.5701511078307689,1.1381536011714468,0.7783163443626537,1.081652666730316,1.3979427481349807,1.769247792472368,0.9182829801400797,1.251346369085871,0.3985639127728158
173,1.780897518027522,0.25370070227514707,1.373932020129184,0.8859247281234864,1.8380635689714866,0.45518055963091375,-0.1029682087941376,1.6203117961734999,0.9334533006440346,1.0216890290411973,2.160762709762583,2.1712480474175666,1.415509041501063,0.9874482514998809,0.06347817169837364
174,1.5755191186361945,-0.058825551956586064,1.499444605435324,0.9071821875624871,1.701741368186365,-0.2448834255437326,-0.0008940948570790308,1.5577647390452527,1.1032196586080227,1.3393111974661827,1.0298160654394466,2.049002758786718,1.03576733679066,1.454829043409759,0.27629852298339935
175,0.6002166740606697,1.4042331989163102,0.8223880861682968,0.6889936827361612,1.4353041839888236,-0.014840745866822713,0.7277448589881319,1.2595253683130365,1.4829426988997265,0.4844977107771443,2.1165025622067586,0.2471444395425967,-0.07427826867644666,1.3846088028094092,2.087890765344005
176,0.44492056370910193,0.9233665068453162,0.0021293350514561826,0.8681062043647848,1.591894945035122,0.5449931812669562,0.29196491154436516,0.8755211718136503,2.063395467718868,1.5215906829374855,1.2852772690390877,0.06002720118248883,0.20759072661971564,1.9124292242935632,1.4459028818651933
177,0.5273448921585661,1.473976180016879,0.9994095709191816,0.2704098912701995,1.8614082589902852,0.5306976109840564,-0.03491972566026563,0.719554525051543,1.7784642412303562,1.218906633972525,1.6006498729209853,0.2434386074494576,-0.22024790503180386,1.290410634420422,1.743012863209814
178,1.1487251801480383,0.27209713373841543,1.3160388135260663,1.1770198657020812,1.8678039910680033,0.2934204171487358,0.6494266153376804,1.1172554391161904,0.9575872085347019,1.2806481842463937,1.3184830984657996,2.4038160107942517,1.2605246822672336,1.194826942590779,0.4340280572762132
179,1.1674623120363499,0.29369352642487045,1.138613497853673,0.008368057188526734,1.2661685432526955,0.0037885211131719887,0.1188711079026516,0.7919444254512109,1.6296480777491633,0.05314299514552225,0.7063564212254179,1.9142618020310842,1.253425071813928,0.8470309291921928,1.4662810791299217
180,1.4807770872082968,0.10041760967825714,1.476656158088344,0.14566754644085758,1.6788440488900258,0.3946372538008258,0.830529132363215,1.272214097575302,1.4108622586535575,2.802746088359509e-05,0.44812141827119445,2.131293186830735,1.7077397447259697,1.2421484513854288,1.946546487892796
181,1.5691902624784553,0.13455282644443417,1.7672721635874138,0.17187717343728398,1.2151610523941054,0.3956213581266883,-0.13556636804037703,0.49753009327332787,2.135590086002561,0.04688014426108096,1.0244210651927554,1.7798730023430398,0.9815522320226805,0.705206001407225,1.6324992545428016
182,1.0885121446672368,1.620838221835353,1.9207472943207868,0.6813986518189412,1.5454792234559993,0.2906059251417271,0.6403156114798491,1.0542626018745938,1.1675910854160163,0.9987046222722455,1.1216010671329721,1.6918264163212668,1.9094968598710649,1.0341226033350672,1.9106020888010973
183,1.3224798071146133,2.0156816858847764,1.0315858193214285,0.691076337108492,1.9278933004003054,0.1752039616689646,1.156983230655667,1.2483383854759027,0.8502906284886927,1.7552651722640682,1.798981744562824,2.0568980658220855,1.983861816955598,0.8706684170590375,2.0378850975397933
184,1.8239858001623186,-0.1899776678956634,1.0403940603977029,0.05643952788721344,1.6938998951973836,0.012981519582250661,0.1379924127612268,0.53343111888093,1.4520384918011837,0.3575764164097044,-0.017054154055816895,2.0395658301642636,2.3080788787595896,1.0305629198731476,1.7718645427859558
185,1.3493745273650084,1.0328705709051005,0.4804442665831596,0.7152234940619026,1.8792141506695266,0.731243298455605,0.8445947957451676,1.1560013622835423,1.2541902449424203,1.2515481224650824,1.6341622606246962,2.518537325308292,1.7920929898449918,1.1100953741022663,2.5125992435947286
186,1.177303798509863,0.3176475607393895,1.6877708843390722,1.6185098765489656,1.8893181476029088,0.24511725034979892,0.5884034343397593,1.3340858774420328,0.7523274028446381,1.5608893775253796,1.4756555834935898,1.7205223160830907,0.9051189785125833,1.7170360683121508,0.4045156354222126
187,0.4503076854756774,1.3644559048363298,1.0771435380230652,0.1825903047014651,1.3805162525564354,0.4061758552811945,0.15511304909996476,1.8135532980507099,1.736489755595681,0.7167198695481284,1.4541730374516082,0.691527549340248,-0.23390708551261769,2.0122200688951,1.9218378431278982
188,0.7149877869617564,1.4937366636741343,0.48310394999338646,0.705189531502771,1.5567237161102296,-0.10600143444783416,0.5018268152507823,0.9166136365780415,2.0113481524537242,1.0808391903206285,1.419507217192813,0.7065709466710509,0.4068700639625401,1.7868174262954846,1.5368978333812207
189,1.6177471344280725,1.8538237384371348,1.0760079732494119,0.9053897852355863,1.427918663321294,0.543274173086081,0.9203861690227803,0.9416156223415023,1.0842165879743586,1.2529824427720422,1.193792692672589,2.098300032574836,1.483944510567913,0.6215564742824893,1.9419934497767208
190,1.3546608734779653,-0.16746864156632818,1.6399960327577743,-0.15300126973199063,1.9075780801130988,0.226616063437216,0.6491656840565623,1.2163245202350486,1.939545349609456,0.012863749600371045,0.3201378837808966,2.4485950840243897,1.2715221373031746,0.23165836687413843,1.60391775642523
191,0.8717186497792349,0.8750645555146621,1.6879488507846678,-0.3019634064534834,0.8493021852630149,1.660422623035103,1.0477194592023296,1.7976585659186768,0.6879625080063736,0.576780557110699,2.143034993498201,0.2169512572915371,0.6964828609083219,0.15346630055583294,0.30140563024360223
192,0.964126419233788,1.1552205949936323,1.1400504424804014,0.7249513550975906,1.6118913119197733,0.7621678151807119,0.3681749428606096,0.8099048305586991,0.770594836217183,1.331444079870595,1.3209877400137284,2.0796143230099764,1.9971458973626721,0.9485775061214279,1.760624429365819
193,0.29305418266091726,1.6216712993453941,0.5185859270507865,0.8862971667308475,1.7669742146683776,0.20132967380665842,0.21735749796175677,1.6208514774897804,1.477895774737906,0.8385111827139802,1.6146337478920074,0.5023030685312987,0.08057083704140681,2.2158260900077154,2.0826420482492836
194,2.127621917009417,0.19416020500407397,1.4119922967501153,0.7410881414278548,1.8505282119057462,0.7706049433649527,0.6406298699900392,1.5485604794690448,0.5396353412547273,1.5038703421737207,1.149055786992705,1.9678505288172923,0.8636622396047552,1.4916074614429484,0.3430927613051483
195,1.158687640333944,1.510802016621351,1.001290023195411,0.08693542540734311,0.9849646067575772,0.2717615178576866,1.0907439866235698,1.6534297964455509,0.9286244149570141,1.7390505750097383,1.9363717865926973,2.130249570010808,2.053557895052709,1.176968777240958,1.5553663329087026
196,0.3217014648081712,1.3827570465359322,1.1760160149016832,0.698924117696923,1.9050613838677366,0.22819554956213253,0.533100794727309,1.2126132604713984,0.8498369064792676,1.5427063188021832,1.6652415791382635,0.6586469667486993,-0.11351417448516946,1.8926157059434277,1.9838966986675821
197,1.2269434967536568,0.8401424749744151,1.2242100829630156,0.3707985217519561,0.36822983693261635,2.029274341589653,0.7755401964577077,2.196040165866325,0.7019054465662602,0.03896036307946715,1.8858831729364802,0.296419648388368,0.45604686936003025,-0.2605747795858011,-0.19617740461152744
198,1.5086493943551913,0.13525285373934434,1.1524744718634228,0.07164885184451295,1.8816869394504823,0.7151086936447736,-0.08775419000751189,0.9203192036382142,1.205129280427152,-0.1896963197068854,0.5230398098452281,1.7205062078429312,1.048538785901169,0.9147785966108197,2.2075806535829505
199,1.3466432444832428,1.550291388809072,0.8407729930603722,0.2501326292733219,1.536010112191381,0.5689662120181054,1.088870142018741,0.8265923167627856,0.7638597463387611,1.4496314610891714,1.1265043416160263,1.7413257617961182,1.9715676399680644,0.9114371348360122,2.3424771274748046
