1.179592382169043052e+00,-4.063049097888328798e-01,2.019938193120318637e+00,4.367458770531796319e-01,2.239450814163073566e+00,1.392378411842240205e+00,1.472854666154867209e-01,1.196396150518943102e+00,1.243884208693188054e+00,5.139729832999909709e-01,3.204940134945427066e-01,9.469632433977784869e-01,8.768576455563271699e-01,1.102036470539583535e+00,8.934098918373627463e-01,1.000000000000000000e+00
7.360362662495938402e-01,5.810228217951878271e-01,1.542666695805563704e+00,2.273356568511158415e-01,2.052163836058217505e+00,6.823320052998274043e-01,4.494467545460961722e-01,9.961843729326155250e-01,8.024575639382880432e-01,7.917779300032239398e-01,9.941619387690218135e-01,1.143919780247675932e+00,1.556278987701354088e+00,9.898630621949418007e-01,5.942515804707605431e-01,1.000000000000000000e+00
1.435826276418076808e-01,1.168527645877995402e+00,5.264048335825627367e-01,2.352392926123621775e-01,7.513104744148690894e-02,6.631416966927909939e-01,2.241718415856663871e+00,1.433203104105072567e+00,2.397154734711363089e-01,1.726292370093884587e+00,4.322256215220587339e-01,3.186629142339242327e-01,1.897073333961963648e+00,1.102262421260855829e+00,1.648065531733805100e+00,3.000000000000000000e+00
5.191839463909631025e-01,2.776785007348054335e-01,9.699666978633845194e-01,-5.201154349431476032e-01,1.939805000997629314e+00,1.127578710618294178e+00,2.070389467233968439e-01,7.628250845620205833e-01,9.664646007830384189e-01,6.359886749356347124e-01,1.107244413939928229e+00,1.615628920227323739e+00,9.099918412929824951e-01,5.030096561400785315e-01,1.052721269543824389e+00,1.000000000000000000e+00
1.533935394372653915e+00,1.768490225275549665e+00,4.703936871788780838e-01,1.085049292176278435e+00,8.844130321872234468e-01,1.086159611152125670e+00,2.133279015358755970e+00,1.742979228341102194e-01,2.508820429229078330e-01,1.193007786238977186e+00,6.984820731728395016e-01,1.524101395844980056e+00,1.209996135172776599e+00,5.572507338655128262e-01,-2.859215436083296091e-01,0.000000000000000000e+00
1.464816655278548208e+00,1.585083071312684222e+00,1.244852176587040171e-01,1.101639277027469888e+00,7.769469584178625432e-01,8.007537586052233536e-01,2.320761210296665489e+00,1.256948677576449069e-01,1.221003333456830986e-01,8.002342376677482605e-01,5.896590698135760755e-01,1.431495092490492782e+00,7.282288677790302867e-01,1.391086834507027081e-01,4.311973471748935249e-03,0.000000000000000000e+00
1.509854309879475665e+00,9.649320806714563048e-01,1.093690353561768136e+00,1.371051156734298671e+00,5.252848921740621568e-01,1.669351286404382684e+00,1.750434665670564494e+00,1.187572680405822867e+00,7.450349053532345778e-01,-5.622418887579971880e-03,1.857652608940711936e-01,5.671635864854920883e-02,-2.889904891759553784e-01,1.527559312966258132e+00,7.661360865210373738e-01,4.000000000000000000e+00
1.309167343595848410e+00,2.279263047309064039e+00,1.148025403318936544e+00,1.027514171969461154e+00,1.169762079156483114e+00,1.492611003611074905e+00,1.625954280618875147e+00,2.079438377660196291e-01,2.009561908701145150e-01,-8.445460589703548959e-02,8.682925176585176708e-01,6.319253627112624283e-01,7.064791149169257212e-01,1.825377548135452388e+00,-1.510190641881578033e-01,2.000000000000000000e+00
1.189578575523372539e+00,1.999324372155972807e+00,1.579720605626174557e+00,1.262133646843619728e+00,1.442173730762167816e+00,1.869895930734944534e+00,2.085174670330122382e+00,2.588993598667621923e-02,-8.678707593787016172e-02,7.150115345989180304e-02,7.743618163066716686e-01,3.954078611120503961e-01,1.090419358455243071e+00,1.887917548292562309e+00,1.155345937510089960e-01,2.000000000000000000e+00
1.868168105796325973e+00,1.173149252245428986e+00,5.689708304838267949e-01,1.322149502522568687e+00,4.543815495837210672e-01,1.567820647117171395e+00,9.431621606321654028e-01,7.316508451656782430e-01,8.862506110269382509e-01,6.557019159470868219e-01,1.607249853965634134e+00,-2.776429665843069827e-01,-4.776024217968161123e-02,1.618787399163994722e+00,1.705403911295043429e+00,4.000000000000000000e+00
6.577897580870006866e-01,-3.263271715796842165e-02,1.229881761871154167e+00,-6.622516229643823915e-02,2.891278569276312105e+00,6.707289766048823987e-01,-4.793916733433903898e-01,9.408534101682042294e-01,8.659799096529349205e-01,2.291503905774753824e-01,1.138027137271429012e+00,9.465214037536531233e-01,1.452781654084980500e+00,1.128257352358086552e+00,2.982202431844176993e-01,1.000000000000000000e+00
1.097841227319899859e+00,1.844600039801630231e+00,1.462908559814182885e+00,9.674919124017531402e-01,1.607219530721188727e+00,1.297313447362163252e+00,1.918113188598579599e+00,3.174761818770571176e-01,5.443019549134142654e-01,3.886481578115039692e-01,4.617740577719112727e-01,1.340180706736040062e+00,5.705957984672559435e-01,1.837367738251524329e+00,-1.407899466631133412e-01,2.000000000000000000e+00
2.226690481297092905e+00,-1.254537139617944996e-01,1.109161151519942656e+00,1.375839122302415340e+00,4.237990431399080160e-01,1.170577806827666878e+00,1.454538006167660935e+00,1.499133238669271728e+00,8.964908839595799872e-01,3.710966187418400231e-01,4.481355091602026164e-01,5.960264004823102590e-01,3.485864321101875274e-01,1.660905732755449060e+00,1.292539510925987400e+00,4.000000000000000000e+00
4.743802347350881687e-01,3.163825622079570465e-03,1.091794267488023440e+00,-6.552950393250069894e-01,2.119676165175459204e+00,1.864014536347597395e-01,9.837584617098299455e-03,5.349823316749651170e-01,4.884899322433148838e-01,4.738463937115058311e-01,1.134187721494361423e+00,9.021390872261261240e-01,9.439633505075102349e-01,9.683079724806158417e-01,7.840789539501061833e-01,1.000000000000000000e+00
5.120781665400093718e-01,4.694845614625172692e-01,4.339592678610728060e-01,-4.600289632178972132e-01,3.911637889443943528e-01,-7.539590144013563755e-03,1.837606676366570824e+00,1.486954872402186378e+00,7.530816655680666605e-01,2.369764523445394566e+00,3.612666697397345361e-01,-6.179021733540435157e-02,1.897577585300282532e+00,1.047137104025123167e+00,1.953333061568816031e+00,3.000000000000000000e+00
6.517564111199434240e-01,6.194588360556296802e-01,8.116545113564781477e-01,-1.248704595680852625e-01,-1.486553835030999526e-01,3.362078609573059262e-01,1.797206598185933757e+00,1.280756605364063550e+00,5.573308392792850618e-01,1.814050425191731097e+00,6.592413227637144990e-01,-3.612084139581690501e-01,1.549412825757392476e+00,1.570427585749156085e+00,1.706305852128440437e+00,3.000000000000000000e+00
1.772634297328817166e+00,4.760142869493528828e-01,1.042059015818186607e+00,6.689473334479794087e-01,7.363741270308585829e-01,1.643796684635970617e+00,1.657295780407728403e+00,1.897436770574008058e+00,1.159709742838537672e+00,5.393623473744180163e-01,6.185213351654957892e-01,4.362366933303024052e-01,1.926827161783339903e-01,1.554644569767554607e+00,1.109867971601346426e+00,4.000000000000000000e+00
1.384914191826175145e+00,7.261880382390361044e-01,1.025701783335503547e+00,1.585682134422077283e+00,7.915246911123233753e-01,1.501617159033457494e+00,1.364834890913184884e+00,1.394350404040633595e+00,5.600994587903203037e-01,2.072100543238078463e-01,3.846072779298899125e-01,4.585149929153182202e-01,6.184193953596672788e-01,1.372085640791297356e+00,8.859124485492865242e-01,4.000000000000000000e+00
1.238060892872834495e+00,1.980810683233256375e+00,1.633729207620271406e+00,1.499371084047068647e+00,1.630557945512018936e+00,1.146768221378659858e+00,1.736859341023347270e+00,-4.540604542427506551e-01,2.330434775705810813e-01,3.867042507019730624e-01,9.405911041244394699e-01,5.056205767609801560e-01,8.991461380567432604e-01,1.825849178775498682e+00,1.936819497485852692e-01,2.000000000000000000e+00
8.313349556060770640e-01,1.143579743425765072e+00,4.282485791003930453e-01,5.264722318541318336e-01,3.425527610155280622e-01,-6.503267582826316451e-02,1.572806196976917370e+00,1.693326142027731462e+00,5.714672283318642521e-01,1.557369196331632288e+00,9.131245285459126393e-01,2.118539216563988803e-02,1.088822331179128078e+00,1.045891830708455483e+00,1.697683688289409742e+00,3.000000000000000000e+00
2.009810879176785026e+00,5.150166156570081810e-01,5.834339004413950924e-01,8.853190441564340318e-01,3.430881763726174594e-01,1.360568349720254089e+00,1.781859696902017953e+00,1.073084732956325116e+00,6.684969667184592623e-01,-9.192489264803499482e-02,7.652300124577420259e-01,-5.044994285748395368e-01,8.206578419282386516e-01,1.531714100562217906e+00,1.433800841344495147e+00,4.000000000000000000e+00
1.444821045133632520e+00,4.247854620154275507e-01,6.324095494779566895e-01,1.292481142762518020e+00,8.462096409855554002e-01,1.488440664203025010e+00,1.201020356621984808e+00,1.412342136725524888e+00,5.903841258349427079e-01,4.075517236034363888e-01,4.455710890537355473e-01,2.794702898125059898e-01,-9.354459832382100437e-02,9.840904113684281196e-01,1.012741125736288827e+00,4.000000000000000000e+00
1.002042299369832579e+00,1.329871176852182924e+00,-9.653031478381712827e-02,-3.402954736381862966e-01,-1.158985585510359517e-01,5.536678181778651453e-01,9.860641308663754545e-01,8.248648996184315685e-01,6.733210835079517231e-01,1.934161815218092162e+00,7.502651564646238835e-01,5.195170557071584483e-01,1.694963211440577044e+00,1.291436606718730840e+00,1.926058178338795113e+00,3.000000000000000000e+00
1.685090409946705670e+00,1.819888515819740649e+00,1.450254941758953864e+00,1.160143039068769699e+00,9.903671970875969066e-01,1.550359425530230872e+00,2.146071089918751618e+00,6.421375497196832316e-02,3.382341632547198884e-01,1.363483520673609006e-01,3.649529950093390873e-01,5.663891125620812428e-02,7.582345868311531900e-01,2.086392826430734093e+00,2.165932517842535654e-01,2.000000000000000000e+00
1.461452322749286381e+00,1.072475362529157872e+00,1.814442286723546571e-01,6.626329044945119540e-01,1.875390856827384489e+00,1.459111197473105914e+00,1.742184770112784387e+00,9.073521873079007372e-02,-1.897546180020744933e-01,2.852974623659524367e-01,2.887237959712327107e-01,1.177207496657064700e+00,1.192290891984570500e+00,3.188471255265756810e-02,8.388222284036371823e-01,0.000000000000000000e+00
1.569961724295527716e+00,5.530854928450168462e-01,1.133902087003532122e-01,6.621969225739231524e-01,1.174766141064788938e+00,8.231007799811420611e-01,1.959750263752058075e+00,-3.043119908019929487e-01,7.937777586940322760e-02,1.568528372452712816e+00,5.439302209342365968e-01,1.827639590436773931e+00,1.176512032771328764e+00,4.684925805789330600e-01,7.803152021543457995e-02,0.000000000000000000e+00
-5.853644120503354031e-02,9.854504981855903845e-01,8.078288776024244999e-01,-1.002472491115362352e-01,-1.201572421495226972e-01,3.829114991423508418e-01,1.263217838131297288e+00,1.701604310829924138e+00,8.494475039476472311e-01,1.578156573702217846e+00,5.559601166526501048e-02,4.368085049507385853e-01,1.915752119468182135e+00,6.371527127708317417e-01,1.002331266760982720e+00,3.000000000000000000e+00
1.447189186775345693e+00,1.060262453460395049e+00,6.182841726227154000e-01,1.368830628575070207e+00,5.027882765648719054e-01,1.021807878984505980e+00,1.591106144231379416e+00,1.791058056336793713e+00,7.021510703544109333e-01,1.665095608118958848e-01,9.541219379930125921e-01,-1.792063368968446480e-01,9.354513712351975041e-02,1.200377952848966867e+00,9.230331016659705234e-01,4.000000000000000000e+00
5.369787430822187124e-01,5.054251569185128634e-01,6.804486450301208134e-01,2.445735481661804878e-01,3.828459283894875553e-01,-1.167180998833913241e-01,1.986739934015412157e+00,1.168666189321011739e+00,9.984352638617490783e-01,2.053698075577187421e+00,4.382913548078881671e-01,4.355430758417588866e-02,1.535924998419598175e+00,1.491294024255875872e+00,1.824292774106411441e+00,3.000000000000000000e+00
2.067099273552994276e+00,9.459846347604294881e-01,6.910893469614561857e-01,8.671329030655903214e-01,7.197873267563391630e-01,1.884925955038375900e+00,1.558484686014146803e+00,1.596067689949522972e+00,7.375894803538162181e-01,-4.449241208164245176e-02,1.169333819718037404e+00,-2.482717276333215595e-01,4.199211913887121450e-01,1.373248226226673641e+00,1.493331742393196215e+00,4.000000000000000000e+00
1.605379008929806783e+00,5.357237737976714431e-01,3.351496848981345700e-01,1.086592890808062650e+00,8.382094625187748171e-01,1.631428638032648815e+00,1.250784305731010182e+00,1.798284807672167807e+00,7.692782837416021202e-01,1.966361321510701199e-02,7.535709355278391586e-01,-5.038768235669875695e-02,1.532298249500389786e-01,1.910102515017850999e+00,1.014670853015752661e+00,4.000000000000000000e+00
1.591346113397997586e+00,4.437534338255366695e-01,3.724753455102121635e-01,8.622656920256710489e-01,7.627992937762745340e-01,1.333449249514877755e+00,1.713069982007270342e+00,1.349914630135380378e+00,6.138892990172698516e-01,5.776973209312969981e-01,4.282656054202595985e-01,-1.055291320387228005e-01,2.265531699747776739e-01,1.538782364067309061e+00,1.199541494047339674e+00,4.000000000000000000e+00
-2.787612472263845120e-02,-7.082268748353891252e-02,1.652398349146910972e+00,5.733357507364630345e-01,1.343439034370618401e+00,5.207100789795027218e-01,-8.107947376970350839e-02,6.836342445930402301e-01,7.535163546402592338e-01,1.814918994660147389e-02,1.181821529311564589e+00,1.100350227665587877e+00,1.057164255920042040e+00,4.865124767627692082e-01,5.397291886915729364e-01,1.000000000000000000e+00
1.680951687407808537e+00,1.228915854369596161e+00,3.022774605740812803e-01,8.331671760193934961e-01,1.198048027375936853e+00,1.101607895859743502e+00,1.853423739581939733e+00,-1.549250067084844973e-01,2.715604924060954217e-01,9.681298411263484782e-01,3.566255575363344033e-01,1.460375716505919907e+00,6.406602733362332103e-01,3.407980851637269493e-01,1.557101112828573886e-01,0.000000000000000000e+00
1.619018051340773479e+00,9.962931784545374647e-01,5.503556175040565934e-01,5.324006373832419481e-01,1.554031850431779826e+00,6.861626457331500006e-01,1.761682197793990934e+00,-2.395294486009053592e-01,1.278501331249569661e-01,8.327414774433521405e-01,1.066861635253333329e+00,1.286571260084690138e+00,3.004978714912193150e-01,1.296275280151497622e-01,-4.451017368088480142e-01,0.000000000000000000e+00
6.120874269346515684e-01,3.132128665387606814e-01,1.405600058101977856e+00,-1.238662656468451362e-01,1.877389146098428885e+00,1.095004840600642959e+00,-3.342743739475642073e-01,1.249863296578132221e+00,1.094309240240412651e+00,4.245136051215980255e-01,9.781206528949077939e-01,1.153496857033731837e+00,1.000333877670374294e+00,9.879282619945153332e-01,1.142081441991610768e+00,1.000000000000000000e+00
2.022936121874189919e+00,2.950659901133116936e-01,1.343485516012218550e+00,9.281247039025880552e-01,6.468242823167406064e-01,1.534103463717779725e+00,1.761830657390555777e+00,2.154634450056545525e+00,9.299365622854481872e-01,-3.837476110786112171e-01,7.402825237802381775e-01,-5.610036908397278421e-02,4.787373139532653532e-01,1.581066403755253313e+00,2.235607267602716774e+00,4.000000000000000000e+00
8.786071581236043482e-01,-3.247941541333919380e-03,1.365993953500942881e+00,-4.265519145133991885e-01,2.032148751510434170e+00,1.133188844053252708e+00,6.387391454624519183e-01,8.224525298652661798e-01,8.920053328800235937e-01,5.330374169390597050e-01,9.669186702839560610e-01,8.887674600127569713e-01,1.539220095688198953e+00,1.255577964672059954e+00,7.377444889861733968e-01,1.000000000000000000e+00
1.861189108874050646e+00,1.421502499788999341e+00,6.275674169022033011e-01,1.355529939849683618e+00,4.906025687452231221e-01,1.415130988224468700e+00,1.498382737555044697e+00,1.319039492606810970e+00,7.248654454943704861e-01,-1.131306974998306236e-01,4.434925437283334659e-01,2.017027135010336925e-01,-1.399891186072738658e-01,9.777803558878119805e-01,9.391251005111014294e-01,4.000000000000000000e+00
1.720326502367005350e+00,1.930486023239608828e+00,1.354843921920287075e-01,1.074132471645051767e+00,1.801255498471402205e+00,1.018172930872814019e+00,2.212498107991011764e+00,-2.455464200569332234e-01,3.244174536038152978e-01,6.675936585824280289e-01,7.232373521219057633e-01,1.896215196115929036e+00,9.303817180982827395e-01,3.477358421580699632e-01,1.298773285442357539e-01,0.000000000000000000e+00
1.293526193007552338e+00,2.300786661809128830e+00,1.632785195917604959e+00,1.147307606096378718e+00,1.367159883489392325e+00,1.215296928672096044e+00,2.050208426584227084e+00,4.794435925420010292e-01,3.344735352047808474e-01,2.776075671195887828e-01,7.192188304615403371e-01,6.999427849908497201e-01,6.476325735901495850e-01,1.770813000148356853e+00,2.091709033583296351e-01,2.000000000000000000e+00
1.668734983766514635e+00,1.698279282586527161e+00,-6.124234310848575280e-03,1.174656952827313416e+00,1.113174009892172522e+00,7.193064325994542596e-01,2.424015998162254881e+00,-6.636054122549602807e-01,-2.327027026155304990e-01,1.222321098453918786e+00,1.041420138101890158e+00,1.547241579631428499e+00,3.272704778590384000e-01,1.315619903206282637e-01,-1.924278962569136442e-01,0.000000000000000000e+00
4.732608220986288527e-01,5.049423957520567940e-01,1.022135212395966164e+00,-1.174396339376337361e-01,1.953486248349366905e+00,4.051131432572298574e-01,-1.139436014471662817e-01,8.377505414355931324e-01,4.632056039234710432e-01,8.114271174729779101e-01,9.499244570234306462e-01,3.424705856859887598e-01,7.747613446776271395e-01,5.359102763104597322e-01,6.242253545763497558e-01,1.000000000000000000e+00
1.190629443829798850e+00,1.887272607311570205e+00,1.346798281213513748e+00,7.891856432265076382e-01,1.176400562095142321e+00,1.493303949677732057e+00,1.061520350970631910e+00,1.980344487881872950e-01,4.906646234244646521e-02,1.493550283361263220e-01,9.187340944864741399e-01,9.825238035935843772e-01,1.038320448506608873e+00,1.819263388288582695e+00,5.543426445629231480e-01,2.000000000000000000e+00
8.161420715241565205e-01,1.069586657576893307e+00,6.378485671625417908e-01,2.366342195041682972e-01,-2.895143880885554799e-02,1.624984289965585860e-01,1.181655206459867768e+00,1.220616025097628121e+00,8.877105626183261489e-01,1.517067957665800826e+00,-6.305216567629395863e-02,5.952321205676045501e-01,1.519384365531579739e+00,1.393956963050662523e+00,1.573873200459732224e+00,3.000000000000000000e+00
2.106671945243889343e+00,6.485525140584641468e-01,8.128294948443894885e-01,1.264544260568073231e+00,8.638755060951224252e-01,1.102007381200590608e+00,1.832678055263764261e+00,2.174664712753827445e+00,7.958861346303717221e-01,7.057179879783748166e-01,6.056685030920312407e-01,2.531781239759508528e-01,-2.452085501852763749e-01,1.350327096311495945e+00,1.950503191636677069e+00,4.000000000000000000e+00
1.824680867624019376e+00,5.830321857913646211e-01,6.703430370195586629e-01,1.080398455169753857e+00,6.825070840528706384e-01,9.815187067088204653e-01,2.092939042076801037e+00,9.680124823730966721e-01,6.287937795590126111e-01,2.492317712333536051e-01,8.496803881081858023e-01,4.093062937454170491e-01,5.382302620233018198e-01,1.220907864495771156e+00,1.204472386461064470e+00,4.000000000000000000e+00
1.486154470574023945e+00,1.920608621757039502e+00,1.359027547553749216e+00,1.309429434182358687e+00,1.294037982275946241e+00,1.925618952724637900e+00,2.164693362804986698e+00,-6.222878385281095659e-02,2.679591321437572171e-01,4.180483794456988367e-01,5.567216374462187201e-01,4.483968480706828075e-01,9.842035465001099936e-01,1.532158654605289883e+00,-5.486550724985653216e-02,2.000000000000000000e+00
1.625950974264964932e+00,1.062548431319810360e+00,3.948147053962414166e-01,1.111263045002720329e+00,1.013720184293752880e+00,7.747740919284916705e-01,1.899191746789457680e+00,-7.453503865688307362e-02,1.763927316568386638e-02,9.949401112106315281e-01,4.458289015305555436e-01,1.377052554634484283e+00,1.310878818351831621e+00,5.901209049002518192e-01,-4.054824463432818438e-01,0.000000000000000000e+00
3.888705665685563417e-01,4.392870130894527270e-01,9.339124303401080684e-02,-1.034592544439803252e-01,-1.745867481033991919e-01,3.556439825490030904e-01,1.451938519239611924e+00,1.016972832597617060e+00,6.971804005837579643e-01,1.337062076720108017e+00,2.377898459707261380e-01,4.369977005722132657e-01,1.501793494098090154e+00,1.721597249160217835e+00,2.103525444906256592e+00,3.000000000000000000e+00
1.236565187804050003e+00,5.274990200599148915e-01,2.812878550667883282e-01,1.440444238701251711e+00,5.304447602739754686e-01,1.573776138908876465e+00,1.670074710972023091e+00,1.498095760793274334e+00,8.843617301202865155e-01,1.024795022978141734e+00,7.470610903434160566e-01,-2.027340191433853467e-01,-5.892446003307716396e-02,1.396864211970204384e+00,8.622405132375647874e-01,4.000000000000000000e+00
1.208219224845507256e+00,1.955467143117925355e+00,1.117091687910726217e+00,1.206193647835630989e+00,1.845723264909988393e+00,1.715303870175161727e+00,1.276034763290972096e+00,-1.655437777309524405e-01,2.616693844119881707e-01,3.749975610509311275e-01,1.009046264028618189e+00,1.925640367423543942e-01,8.870803596757874665e-01,1.993792590651392693e+00,-1.593364696958573523e-01,2.000000000000000000e+00
5.215819530183892772e-01,2.657354357323957750e-01,2.679780176853991946e-01,5.267716989015635010e-01,1.335683433031961687e-01,1.098387477565516135e-01,2.007621010517105731e+00,1.456320998615124207e+00,8.706272828374235218e-01,2.125484574774120894e+00,-5.358526848951117305e-02,-2.474099840581642784e-01,1.176314552518380907e+00,1.051298312989006112e+00,2.193210545233846176e+00,3.000000000000000000e+00
1.729873231985493698e+00,9.085106083939122890e-01,3.612961188026214687e-02,6.320797074287861639e-01,1.713693671286142584e+00,1.148992363911290226e+00,1.467958747715759182e+00,8.531113025755124868e-01,-1.558819342676642794e-01,9.143746384452657860e-01,9.234960783244388072e-01,1.903268645831309280e+00,1.163781553530917057e+00,6.620485755946136086e-01,-3.273857306793562238e-01,0.000000000000000000e+00
1.406041514012659865e+00,1.454538273930352510e+00,3.130155145762545943e-01,5.996310222098688580e-01,1.164512715263456455e+00,1.065989945698775143e+00,1.705944670271576591e+00,1.367499254189891433e-01,6.289314759828932289e-01,1.040120183481939575e+00,4.251617562522316263e-01,1.687299860862442102e+00,1.412495813868187344e+00,7.882583860573151302e-01,2.487814407526850458e-01,0.000000000000000000e+00
1.782349084858631638e+00,9.956343644403184978e-01,9.895361943069463928e-02,6.195726469663193070e-01,1.308599543826924005e+00,4.526679193240399357e-01,1.706344891126764907e+00,2.075641678923442479e-01,3.337393275779486634e-01,1.056197059678043226e+00,5.543913772021941133e-01,1.881388360355410017e+00,4.265218991371267920e-01,3.118742190695104055e-01,2.345984391651204926e-01,0.000000000000000000e+00
7.728800816388708972e-01,2.958123581361881138e-01,1.463328000653071337e+00,-5.872416666132568297e-02,1.426390294902083689e+00,1.095703923193916740e+00,3.087868048622713912e-01,3.893327149240362606e-01,6.450064935296557778e-01,4.835828067506243721e-01,6.900921416614769210e-01,7.803576808837567880e-01,7.118143196632034098e-01,1.053492928801136541e+00,9.676352404815926622e-01,1.000000000000000000e+00
1.602158392390859110e+00,1.428964249435510592e+00,1.662751376285547922e+00,1.300039116880914669e+00,1.082434343454658165e+00,1.233776733014528615e+00,1.635891962104757624e+00,-7.608664531484392313e-03,1.996364584372464779e-02,3.351664588881475559e-01,5.529507901607801923e-01,2.750802028915941277e-01,5.329821975290333080e-01,2.380938703989173177e+00,3.980042504312110152e-01,2.000000000000000000e+00
7.007331315631109003e-01,-7.746276739027592451e-02,1.775559521276158126e+00,2.279663834191577587e-01,1.746834575742632900e+00,1.456851735909026946e+00,-2.109512202651029900e-01,7.806989919592829397e-01,1.154654537195307862e+00,7.480117136813368983e-01,7.796542347805562878e-01,1.013243837931343316e+00,1.137694475884773793e+00,1.516040538778895996e+00,2.203692867975183267e-01,1.000000000000000000e+00
1.546523592348376885e+00,1.423635594353779066e+00,1.143466597858479039e+00,1.482257823271312169e+00,5.440889548500074113e-01,1.178302552710832174e+00,1.311670853161796435e+00,1.227503848075462090e+00,4.679685160986004622e-01,2.525997609290655532e-01,1.306652997520521442e+00,-1.667383499411649594e-02,4.354520346515414753e-01,1.202018031320564617e+00,1.196374692877546497e+00,4.000000000000000000e+00
5.699534139626262208e-01,1.926513156542164137e-02,1.259567548467233733e+00,3.674242711016136309e-01,1.656177478313541895e+00,9.225126223542893245e-01,-1.070876384767777412e-01,7.440328103415264627e-01,6.899140326908925758e-01,2.436761997477123465e-01,7.359105140983381865e-01,1.526083118307285158e+00,8.641837306404926977e-01,1.215767063308319962e+00,6.963747139420071175e-01,1.000000000000000000e+00
1.620410803690840451e+00,1.470453049482019159e+00,1.237726068267233082e-01,1.086435109345077255e+00,8.523816015571537008e-01,7.921142060558783449e-01,1.755722476864954640e+00,5.872259050294063032e-01,1.992036883341058717e-01,8.272625766246951562e-01,9.318253235462856665e-01,1.316902675598566219e+00,5.348879825956356360e-01,4.662987068141138947e-02,1.818366381030845358e-01,0.000000000000000000e+00
1.630643420303773183e+00,8.265615182384800086e-02,4.630160633450379759e-01,1.577606982645688660e+00,4.863661579925706580e-01,2.399853665370818234e+00,1.600800182496343371e+00,1.611368088094267126e+00,8.342158664588477102e-01,4.136194181706442929e-01,6.560312479185979040e-01,-5.329093701789876514e-01,7.502503598978096377e-01,9.455089296182936920e-01,1.727154703975096517e+00,4.000000000000000000e+00
1.626128379306384097e+00,8.539006112593110487e-01,8.317667677896548595e-01,1.238530231347082067e+00,9.931176493910514047e-01,1.471843136774895200e+00,1.052330138823615258e+00,1.677012325813223459e+00,6.998100265863559377e-01,1.585566240453523956e-01,2.288223791582845168e-01,1.205439390951326128e-01,-9.268044512862116946e-03,1.135453551993118815e+00,1.427652916843148656e+00,4.000000000000000000e+00
1.343189036484710996e+00,1.375538516730953731e+00,4.867593834674593944e-02,6.046991178907537012e-01,1.014476883986729305e+00,1.033173946667610199e+00,1.750291908610337011e+00,1.367924680482568434e-01,-2.264773965244665788e-01,9.087183434698825613e-01,6.439546229349404349e-01,2.006262993492678781e+00,1.129793490595059069e+00,3.485157760491059964e-01,-6.995533428248311425e-02,0.000000000000000000e+00
4.488212651045426771e-01,9.767125323038777784e-01,4.186116414463863511e-01,1.126936447058952961e-01,9.644144385543015896e-02,3.258089332275824201e-01,1.678569296879500072e+00,1.220998058553527388e+00,1.011587057227995912e+00,1.979350305824068679e+00,3.756024122492880868e-01,6.398375055251017685e-01,1.633521273003080587e+00,1.106246212612104207e+00,1.346181055529064308e+00,3.000000000000000000e+00
8.644743501937268704e-01,8.294485441588758112e-01,4.062037174581136223e-01,7.943480759667518321e-01,-4.265382962574846282e-01,2.147677008293294443e-01,2.072614381351594481e+00,1.461808103684423044e+00,8.688598419929214334e-01,2.063767969376987921e+00,5.382967032348020542e-01,4.267934641675544816e-01,1.053955025861239347e+00,1.373981505645347267e+00,2.164065834590300330e+00,3.000000000000000000e+00
1.372868827113757462e+00,2.039481021653499315e+00,1.251449316844076121e+00,1.311329259725619423e+00,9.422111469466377676e-01,1.821232432792850409e+00,2.237058526991457796e+00,2.149376716685964528e-01,4.559999737631667549e-02,-4.863511502876755044e-02,1.047352473777559245e+00,1.667149400946223436e-01,8.665911880202388229e-01,2.009088609773918677e+00,1.135009836255327365e+00,2.000000000000000000e+00
2.301900605599564997e+00,6.328608327478725259e-01,3.525405005682494819e-01,1.142342213846379018e+00,1.286866557872672900e-01,1.798373408535392404e+00,1.442855339500468626e+00,8.728212279734826051e-01,8.605917430095191278e-01,2.612189896756772489e-02,8.033217703189574621e-01,9.667175308105532272e-01,6.366929808698138515e-01,1.401069063438552975e+00,1.477721528107017068e+00,4.000000000000000000e+00
1.125727871163001215e+00,1.851494536392606083e+00,1.721977975260427618e+00,1.193871188229251423e+00,2.065126379053015437e+00,1.818901972641266518e+00,1.719222587441178618e+00,-4.979839557757672619e-01,3.858491382054868302e-02,-3.272673836540263004e-02,7.192263741177536973e-01,7.156751249026227502e-02,2.633447569222258644e-01,1.919138429503684629e+00,-3.759443671298087764e-02,2.000000000000000000e+00
4.290999910860513467e-01,1.596389852044850732e+00,1.681911609730416757e+00,1.642307392022289259e+00,1.560228399154999890e+00,1.424821796612314895e+00,2.320701640104030794e+00,-1.283689016850146358e-01,5.109429364334525658e-01,2.884701717511586327e-01,5.782300090796113068e-01,7.609454294597148838e-01,1.128493642514168283e+00,2.231516866722533798e+00,-6.252866398953310645e-03,2.000000000000000000e+00
1.725729061762524497e+00,1.979314862162726341e+00,1.741565543744284073e+00,1.453718370814152783e+00,1.296026947555910303e+00,1.516607117858276288e+00,1.557092377016358720e+00,8.872239928184140478e-02,6.781032823036647894e-01,-2.035709425384761850e-01,5.074168105974690146e-01,9.389424662570233782e-01,4.789573926522092684e-01,2.077495435833021986e+00,-1.593417344252450740e-01,2.000000000000000000e+00
1.169732095908984748e+00,1.885523072181691573e+00,2.094860960739135081e+00,7.605439503672632995e-01,1.343386079898858387e+00,1.477085705860577747e+00,1.393570027007357881e+00,2.623666631854324471e-01,5.557369723939900030e-01,8.944321122814791192e-02,5.131605578045530525e-01,7.629908186482445842e-01,8.914406526676266207e-01,1.827374479725318634e+00,6.671605674345311432e-02,2.000000000000000000e+00
1.856150559219503560e+00,9.401369142444946370e-01,7.250448951873401660e-01,1.223739041496683999e+00,3.489482835821420270e-01,1.737429280010147403e+00,1.888727586130851233e+00,1.605449539613400756e+00,7.514422953185766474e-01,6.977523574202739720e-01,9.374167446651215929e-02,-2.262247834490664355e-01,4.912888333162060417e-01,8.125750142378557195e-01,1.569111691059722702e+00,4.000000000000000000e+00
7.033122187731990493e-01,3.485071494609693343e-01,1.448145160837634560e+00,3.665461508381334665e-01,1.743733922961117067e+00,6.241330621092971986e-01,-5.448363072173161292e-01,1.041872243058767911e+00,8.775651598497899997e-01,7.608991821363400021e-01,3.746772747265947334e-01,1.091916942798106804e+00,3.957124627100208070e-01,5.933469326589589921e-01,7.507497286110670354e-01,1.000000000000000000e+00
1.735686602514745047e+00,8.755920669800533185e-01,8.273112759637306635e-01,1.162001081158005267e+00,5.584930997518050555e-01,1.603626430544996539e+00,1.392225271046464208e+00,1.802501885029885731e+00,4.983903759012995316e-01,5.612479876926252942e-01,4.204192927488181741e-01,2.749773501163473854e-01,4.956815983137470849e-01,1.276682193834792756e+00,1.645433898077708568e+00,4.000000000000000000e+00
2.094431465037824402e+00,3.065765807133283838e-01,4.002441822460407472e-01,1.896565997521517666e+00,4.305558360873278922e-01,1.459785379270329697e+00,1.458126522749922049e+00,1.968346722006284688e+00,7.249381654184919865e-01,2.130333712972863336e-01,6.206994220044265154e-01,1.484160091602783060e-01,-9.651344176264886610e-02,9.046278096329908314e-01,1.188258030253257047e+00,4.000000000000000000e+00
1.502881291153645327e+00,1.604903062460290908e+00,8.196833201173654437e-01,1.073572134501724840e+00,1.810484961462156761e+00,1.092639082266003925e+00,2.043372390219344137e+00,4.211992809994605236e-01,4.222322918840170081e-01,1.245979031389283342e+00,4.365538911959531698e-01,1.850772698309768760e+00,1.300497687386758860e+00,6.398757130057408649e-02,7.858108264777888263e-02,0.000000000000000000e+00
5.762938583161917316e-01,5.894600368853022410e-01,2.262694982406774080e-01,5.902152021661762754e-02,-1.759268275524090985e-01,3.582963852934737403e-01,1.455422276114436642e+00,1.464978429131180482e+00,8.035364700002044502e-01,1.684468397270760143e+00,3.813224270421257667e-01,5.534670984407084049e-01,8.863029749222787190e-01,1.093410652006534534e+00,1.587672607541787739e+00,3.000000000000000000e+00
7.902406267458148559e-01,7.573284373554317606e-01,4.003127153389776094e-01,6.099541209291014371e-02,-4.337338561815462512e-01,2.391393140914875037e-01,1.571460919195789563e+00,1.354663349228067304e+00,6.618923743378670732e-01,1.184247213465098536e+00,-3.170043733497845961e-02,8.377374138957998095e-01,1.337785722005244704e+00,1.132899150916750752e+00,1.765661210806829473e+00,3.000000000000000000e+00
4.815668857672724124e-01,4.000195139543224476e-01,4.879251359590189852e-01,-2.951345914701462569e-01,3.935811289965618354e-01,1.968870269876058232e-01,9.173367661608103907e-01,1.401793197118559986e+00,7.579919058345065963e-01,1.115337705003494051e+00,4.537847702909791892e-01,3.625876768969626962e-01,1.886169496685986546e+00,1.380745185302811429e+00,1.650619525130504028e+00,3.000000000000000000e+00
6.564373157261210734e-01,1.224634979056952622e+00,2.961247718849266963e-01,-2.348454876051662144e-01,-2.651868212098980049e-01,2.738293350931222947e-01,1.847081512373825118e+00,1.209332274437064703e+00,9.896498379548301916e-01,2.101129426350763829e+00,9.220548173128177982e-01,8.862942563972662224e-01,1.478949839607837324e+00,2.246148335543435515e+00,1.561720072102993795e+00,3.000000000000000000e+00
1.385345876726409520e+00,2.221513362481171594e+00,1.471379976270720480e+00,1.051608034788180213e+00,1.599678263122652266e+00,1.172661425658213519e+00,2.032870634330642634e+00,-7.775947739912322798e-02,-1.828215274534701895e-01,-2.392526878741249585e-01,1.014887426100627543e+00,-1.711156909817693750e-01,5.454049908680260739e-01,1.985270916366178140e+00,4.066841151941130716e-01,2.000000000000000000e+00
1.910546911860268926e+00,4.112306910692081763e-01,1.063846728988076251e-01,8.657122691057190789e-01,1.721168122801253419e+00,1.050304317468071069e+00,2.112738561972530960e+00,-3.248969385790912989e-01,6.099088123055929067e-01,1.067888108114047885e+00,6.133489867420729436e-01,1.271265152552160771e+00,7.095550371357559616e-01,9.883078787082962835e-01,1.206663478355573943e-01,0.000000000000000000e+00
2.005790509690536183e+00,7.986800877578568159e-01,1.050946500411308993e+00,1.267264922465093369e+00,4.672529484109289033e-02,1.945354009943391915e+00,1.650236410242658547e+00,1.456127583524848168e+00,4.900069663818774623e-01,6.356302183893303148e-01,8.562729114400371433e-01,-1.031163669575182740e-01,1.624247350981226079e-01,1.721491173256239904e+00,8.039269840279255064e-01,4.000000000000000000e+00
1.028553474612656782e+00,7.566628525707470576e-01,5.576372099208264377e-01,2.884393398325352242e-02,-1.317413074555942309e-01,6.264422451652262858e-01,1.909382378438481354e+00,1.318235975959254569e+00,3.985991371656470439e-01,1.468758107557683212e+00,-1.548932612172178036e-01,-4.351485947990293979e-02,1.151602077982396999e+00,1.299417471241565814e+00,1.479483766636885189e+00,3.000000000000000000e+00
1.524655788753573438e+00,2.296761991430164684e+00,1.645576475988673071e+00,1.457331684535887240e+00,2.144269008485982120e+00,1.187032223055109359e+00,1.451188188770116794e+00,1.433741987411700780e-01,1.084158594477102333e-01,-2.065004328991958960e-01,1.121787587291136257e+00,2.064386099321661727e-01,2.117379812514741944e-01,1.551900788183102842e+00,-4.144078858194840675e-01,2.000000000000000000e+00
1.325414173628149062e+00,6.872400294591115566e-01,1.314748508972964691e+00,1.213709054392817510e+00,9.694696750689577591e-01,1.680499058012054459e+00,9.598322595704513738e-01,1.532706349255459122e+00,-2.757160858445906193e-02,4.757013214545545710e-01,5.463749664025419062e-01,2.880766760465331977e-01,5.419913926014846561e-03,1.875469810169213103e+00,1.063818155953819344e+00,4.000000000000000000e+00
1.493893324189473626e+00,2.507596857280225411e+00,1.610351323128886847e+00,9.803308779231221237e-01,1.697656845091766620e+00,1.040446388326820681e+00,1.522594839338541561e+00,-1.829895689396139058e-01,-2.431587481729474698e-01,-2.041568437208018394e-01,8.453421754026300139e-01,1.049295388759356795e+00,1.011168158821284857e+00,1.678157220320109833e+00,6.028258244131501353e-01,2.000000000000000000e+00
2.120708320422550752e+00,6.387664586457187932e-01,1.021606346097865048e+00,1.450724562488329372e+00,1.272784824088870170e+00,1.311735304545416314e+00,1.154686554118599551e+00,1.090742832121908812e+00,3.381998549305494373e-01,3.912085218556887733e-01,8.000229071804366709e-01,2.955528264680834516e-01,3.984989281684802043e-01,1.378676162633346802e+00,1.693280632173835398e+00,4.000000000000000000e+00
9.324689107479913197e-01,-8.626253163304442584e-02,1.270507282640316093e+00,4.966309591728432782e-01,1.430413519668705113e+00,8.295298448261885227e-01,1.563005350796336512e-01,5.104353076455037108e-01,4.160170702847537649e-01,-1.742696699277561656e-01,5.252584066830094933e-01,1.370258783118487811e+00,9.792583054268939602e-01,8.226615339838325713e-01,4.622043123750593230e-01,1.000000000000000000e+00
5.673893759596293496e-01,3.989752270728844086e-01,1.520203973379712803e+00,1.160765885884826876e-01,1.749350961824201578e+00,9.956548183953082276e-01,1.694568140101735398e-01,6.649252853746147052e-01,1.013088541760046812e+00,-8.773744535270122658e-02,6.673832196074014345e-01,8.924924591435352550e-01,1.532183953816536048e+00,1.098715588950911037e+00,1.104227754411977847e+00,1.000000000000000000e+00
1.745033725669888902e+00,2.087671406686245068e-01,1.011465131028601139e+00,1.010862978784715649e+00,8.230665452473491239e-01,1.516622922993958511e+00,1.555350661036386528e+00,1.568631716114073038e+00,5.182740450428305889e-01,-6.688451859250266196e-02,-5.578683851477228561e-02,-7.746820140115170950e-02,3.835809798248581703e-01,1.152123971354221510e+00,8.397446841596125644e-01,4.000000000000000000e+00
1.672983505082839661e+00,8.709727537925875396e-01,1.359750537005659288e+00,1.434074661438805354e+00,6.770951090354043744e-01,1.754537625503423071e+00,1.689647475908082175e+00,1.770135334150869211e+00,1.359730997702964128e+00,8.555357662104721150e-01,3.745547757269973577e-01,-1.076199444149139595e-02,6.817815084470331133e-01,1.663778740431196113e+00,1.350873411422047310e+00,4.000000000000000000e+00
1.126660257296081769e+00,3.053409726774962418e-02,1.932162025585595133e+00,-2.156561544276103803e-01,1.709534339229725086e+00,6.657576802602545030e-01,1.901200521404943777e-01,1.304791470419112809e+00,-8.399391951044221649e-03,2.526890192700790294e-01,2.158989107200417479e-01,9.157166536835695814e-01,1.685653015227726037e+00,1.048120540302314607e+00,6.480443477740867042e-01,1.000000000000000000e+00
1.312983223914197639e+00,1.354680580548310642e+00,4.335923761639997598e-01,5.534435638626403753e-01,8.662986560372218925e-01,1.013378183807066346e+00,1.805515261638165114e+00,5.490834401627605610e-01,-1.048755651441879988e-01,7.170078626800311383e-01,2.887101653368538412e-01,1.575911632934590578e+00,6.157991046848925176e-01,4.636440874312492411e-01,-8.647854047397338095e-02,0.000000000000000000e+00
4.859242401824523383e-01,8.118151566750064774e-01,5.308721398187535856e-01,-8.955469740933236222e-02,9.286972055821343663e-02,2.789569787451181559e-01,1.554347788660648044e+00,1.853634908449290686e+00,9.354181006990223146e-01,1.933090807918798504e+00,5.095940131712761723e-01,2.923970912524621601e-01,1.153363727459260080e+00,3.805867546754857500e-01,1.694542118832494282e+00,3.000000000000000000e+00
6.406567438639625411e-01,8.951780772819935006e-01,4.779786335245447826e-01,-9.227994427736815886e-02,-1.174732796925232470e-01,5.312183971276598360e-01,1.041596655757215606e+00,1.283823445039220745e+00,4.713396531978810144e-01,1.736195631811109363e+00,1.451679271399049231e-01,5.704484875105306774e-01,1.266228909978872830e+00,1.432555378375607535e+00,2.036568494796918483e+00,3.000000000000000000e+00
8.837368439820763033e-01,6.355199591843121443e-01,4.593792762333426261e-01,2.632351114091425748e-01,1.160664984137679545e-01,-2.828038972023740882e-01,1.281157300535589405e+00,1.088156367563237747e+00,9.611031493361310574e-02,1.903811097799566809e+00,8.096560628799001069e-01,8.310423750486389816e-02,1.613832060700254090e+00,1.414076860112138734e+00,1.988803946126215250e+00,3.000000000000000000e+00
1.095919076526538749e+00,1.829689274074606908e+00,1.318320378862995357e+00,1.349753685334004860e+00,1.453884940164094086e+00,1.286844380630387308e+00,2.267362620378975624e+00,1.572060480866229737e-01,2.250652791810905662e-01,-8.218177397312098620e-02,7.353625634438475389e-01,7.975166523842639466e-01,9.693575699812426727e-01,1.752208959128070065e+00,8.196531796146248883e-02,2.000000000000000000e+00
1.537240179910333460e+00,2.754195105356797013e-01,1.315047715306632226e+00,5.214473692254327497e-02,1.839034379580406053e+00,1.076030383469966267e+00,7.828258402186901721e-01,1.067584634686578049e+00,1.279077042064949987e-01,-8.114284861282233807e-02,9.388532754312508555e-01,1.485719706914055083e+00,1.024870023617885595e+00,8.281280978426830419e-01,9.212152045382451249e-01,1.000000000000000000e+00
7.769821543984097856e-01,3.310760307531764868e-01,1.301000253808585194e+00,2.921357187749572537e-01,1.813821961604557664e+00,5.665853962403731847e-01,8.181777458577603468e-02,1.454212228775570326e+00,5.203916433725174207e-01,4.765717910679028724e-01,1.281484179670850265e+00,7.923485174806336184e-01,1.026492807725261747e+00,9.980865622437231632e-01,5.200423800558616749e-01,1.000000000000000000e+00
1.934252102002875562e+00,1.485689826703766148e+00,5.712393103350879020e-01,1.481968572524727801e+00,3.490870027740858306e-01,1.554295923146268743e+00,1.851957745798283872e+00,1.461335665362289538e+00,5.585155723668915329e-01,5.901509376980125232e-01,5.124754738058515668e-01,-1.233309627838115319e-01,4.343496512423478118e-01,1.736776677593473650e+00,1.258074973540525665e+00,4.000000000000000000e+00
3.816762607485062464e-01,1.461267610240924109e+00,3.860806822123531434e-01,-1.002864198812871976e-01,-1.064692336138588769e-01,6.814304166158386966e-01,1.597858898098958091e+00,1.380714487499174359e+00,6.858509285039626757e-01,1.694163702340722555e+00,4.749981165125102822e-01,4.915837150122642774e-03,1.337209690873579548e+00,1.688254134849444643e+00,1.855910730535492270e+00,3.000000000000000000e+00
1.263454116492588319e+00,1.836959096025871485e+00,2.076407266118985628e+00,1.445247031702543206e+00,1.361643691617179019e+00,1.580631551200250451e+00,1.550031502238982561e+00,-4.351952765040404958e-01,-6.762592893624838064e-01,-2.397592887215901913e-01,8.231290902010645061e-01,3.801702815368084298e-01,7.536706242488132590e-01,2.051092481195826878e+00,-9.859178916955174676e-02,2.000000000000000000e+00
1.161500460391460710e+00,1.816352679445353946e+00,1.874231436419131036e+00,1.196560711914511188e+00,1.626143545705687865e+00,9.814230486884905069e-01,1.882556144781219354e+00,4.565383147631695837e-01,3.041425171357596824e-01,-3.994134749423918773e-01,6.879887129272931334e-01,5.925345153727116232e-01,2.312858207636442343e-01,2.485691774888116878e+00,1.752801514249520687e-01,2.000000000000000000e+00
5.379546244424330270e-01,4.245712703578438663e-01,1.697641024096243401e+00,9.720015596184485018e-02,2.213980012352267046e+00,1.203372727485938043e+00,1.655177004081629932e-01,3.624885555462391551e-01,9.502527002510668952e-01,-2.369323049718620178e-01,8.681830179027762995e-01,6.920875573950227011e-01,1.069865627300367716e+00,6.687279292881852522e-01,1.224193822402177556e+00,1.000000000000000000e+00
1.670100400030100518e+00,1.100991840973163161e+00,-7.042153014680252454e-02,4.424346824463048500e-01,1.308958637877186026e+00,7.669190294045848955e-01,2.101850369516871098e+00,9.900782637828711708e-02,7.552093791149349089e-01,8.875071880194317364e-01,6.532998890287456950e-01,1.504207866037967634e+00,9.510636766489022342e-01,1.107690657736443152e-01,1.044725651162082825e-01,0.000000000000000000e+00
1.899336579951896309e-01,7.565266497750635644e-01,3.317928258909521033e-01,4.257600080127543762e-04,6.045151450151954320e-01,-2.991836223380645032e-03,1.207395190916266348e+00,1.108061623195086165e+00,6.880380916769796018e-01,2.001565835237303137e+00,3.012573684200407498e-01,1.398953014090402736e-01,1.983166862366923633e+00,6.389150569954017422e-01,1.655761629545696501e+00,3.000000000000000000e+00
1.420250971937510709e+00,1.812747779706443074e+00,1.194990859205977252e+00,8.471663708822507743e-01,1.736548800586325658e+00,1.569158816569339754e+00,1.443024916553988568e+00,5.460735753772824053e-01,-3.022159770549256996e-02,3.561991136568768979e-01,5.420307699400112034e-01,1.082348519358522054e+00,1.075914947931303711e+00,2.022590962569978945e+00,1.006604426861154866e-01,2.000000000000000000e+00
1.227709015461488251e+00,1.820583293308624118e+00,1.300669430169321794e+00,1.774338034790506224e+00,1.526866132302485690e+00,1.305336074178069516e+00,1.241139531880459224e+00,4.209198668286007194e-01,2.973129729334220150e-02,-2.698449006387734772e-01,1.599777792957757017e+00,4.953874915291931469e-01,8.877937039087160365e-01,1.680898927718047275e+00,4.726776382991589864e-01,2.000000000000000000e+00
3.441483703514764958e-01,5.840291092550509156e-01,1.303379782092302652e-01,5.577542420295850123e-01,3.062608585201226363e-01,5.771522180716586181e-01,1.388557157445015955e+00,1.536226725012635574e+00,1.100855878975274704e+00,1.808407995373488619e+00,3.796599809415385773e-01,5.704427217911669512e-01,1.267482212485790294e+00,1.727808331139600861e+00,1.538040222062688089e+00,3.000000000000000000e+00
5.498027659085027441e-01,-6.418705871419819742e-01,1.765087075634383718e+00,-1.642921090814960516e-01,1.791162355966861242e+00,1.326682784495322842e+00,5.952422919905159260e-01,6.442163730454568693e-01,4.594533417642397422e-01,4.291899535608109106e-01,6.952943308563469538e-01,1.820689619647542168e+00,1.733500888424397868e+00,1.142131536733081321e+00,6.490568621432502017e-01,1.000000000000000000e+00
1.558958175429556725e+00,1.322868731638338069e-01,1.272757697698092105e+00,2.490886333280771525e-01,1.728614194751638689e+00,6.721546922669029422e-01,3.197134705109163644e-01,9.407758788715606668e-01,6.826830791715352564e-01,4.605100875318813847e-01,2.096288621251196638e-01,7.604288046724523298e-01,1.171909307447038362e+00,1.288961672027456373e+00,5.297369986055325830e-01,1.000000000000000000e+00
7.627876711191240444e-01,6.686051476589620624e-01,4.186515796137382228e-01,-8.516012580205376548e-01,-3.859989902912426551e-03,1.434457757357683882e-01,1.746357527019058331e+00,1.413181303070739414e+00,4.451749800284505731e-01,1.383137783602563564e+00,3.763796442241101325e-01,3.433370924231042287e-01,1.388548394991742541e+00,1.046408287225697009e+00,2.128335055762020200e+00,3.000000000000000000e+00
1.580536700100010572e+00,2.189432870569321565e+00,1.547658983222345741e+00,1.251823147109287770e+00,2.469080685750537629e+00,1.768533430422214003e+00,1.857050707931048983e+00,6.752194656090004798e-02,3.276522528085811792e-01,3.556269830400320409e-01,1.653947968416296543e+00,5.907114726824672646e-01,6.676746327070750553e-01,1.490677219159327827e+00,-3.463383706463015743e-01,2.000000000000000000e+00
1.548740181148627881e+00,1.286075500954478423e+00,1.907833637789086156e-01,9.351668258369679743e-01,7.377969607857104428e-01,9.942731498818951907e-01,2.178716317006725856e+00,1.809778221691452638e-01,3.354465830537416982e-01,8.567655157963511847e-01,2.128841000895603242e-01,1.853263123678633217e+00,9.546574275403912901e-01,5.221818898128226527e-01,2.506122331022881955e-01,0.000000000000000000e+00
1.358780605938700425e+00,2.006438539847386515e+00,2.106832496322831982e+00,1.534056604318341899e+00,1.065924702823047632e+00,1.727516709140919815e+00,2.398508209636762700e+00,-9.714458974120551704e-02,2.520891103854558946e-01,-1.010434164778665489e-01,8.601688356879065855e-01,3.867282077000784302e-01,9.883483855887185143e-01,1.811763673625261140e+00,8.596915062546798270e-01,2.000000000000000000e+00
1.590372892938769489e+00,9.954988676947200688e-01,-3.177561581655258260e-02,3.100816424645810310e-01,1.474014422936501312e+00,1.360276720765906777e+00,1.592827219572041209e+00,-5.569461792996241445e-02,1.578406895010088518e-01,1.049675872664476595e+00,4.919901063702182831e-01,1.729072642236643143e+00,1.215530123527299278e+00,9.725811494719399652e-01,-5.731142990283146776e-01,0.000000000000000000e+00
1.824033752772348471e+00,8.142132921562658110e-01,7.430407147801024736e-01,1.297373538823680894e+00,4.262975739189318602e-01,1.600264515003985588e+00,1.833181902630498961e+00,1.608248284023231500e+00,4.311527339735339304e-01,-7.098537078677702450e-02,3.389367044159583009e-01,-4.175408951732392238e-01,1.318242653638419803e-01,1.488613280987582499e+00,8.845322635226551267e-01,4.000000000000000000e+00
1.612688765773800936e+00,1.884154298892768198e+00,1.104844257791041118e+00,1.366159448449661529e+00,1.802527793991752780e+00,1.482920129989581337e+00,2.053976799768939099e+00,4.928557419381296434e-01,1.266938599762820750e-01,1.960152947484332386e-01,8.141902656125216131e-01,8.444347721362255310e-01,4.055646910033866570e-01,1.903571438413078187e+00,-1.835947682779079382e-01,2.000000000000000000e+00
1.579306187364921232e+00,2.461516248129686613e+00,1.888383205806270837e+00,1.233588411372777527e+00,1.814034885235882300e+00,9.714153858105029071e-01,1.365447299236435486e+00,-5.328000161545523583e-02,-4.919941180279671644e-02,1.447627169853749063e-02,7.405835532742406357e-01,4.333392984486105215e-01,8.205224598585538764e-01,2.186664536140249915e+00,-2.690179685616856387e-01,2.000000000000000000e+00
1.120409589851443677e+00,-2.411571922768520615e-01,1.581317030485209330e+00,-9.735428406854318428e-04,1.764813251171732267e+00,4.714268116284888177e-01,3.029954986934191297e-01,1.309352699016603783e+00,7.881108048254310550e-01,9.132506297319159527e-02,1.234899736783052315e+00,7.506666599001793339e-01,1.452319753493183985e+00,7.523973999724233863e-01,7.666468873342711099e-01,1.000000000000000000e+00
9.578158705313840615e-01,1.719797434763904231e+00,1.616270976205696819e+00,7.863605429743902864e-01,1.898332531366956566e+00,1.373958966333775900e+00,2.017329888423875506e+00,1.588501185666029991e-01,3.679087646698479541e-01,-3.442172056405313207e-01,6.636569393473216172e-01,7.300237462454823856e-01,1.174332042373425367e+00,1.894212262895723642e+00,-8.761566612550147903e-03,2.000000000000000000e+00
6.622356174166934561e-01,-2.180653940332837881e-01,1.798424537982316052e+00,1.193670224711791961e-01,1.749431825050253408e+00,4.425160515275772255e-01,5.175211312811898168e-01,1.309179999036012898e+00,6.831552587168330248e-01,4.374031239478675115e-01,6.602503803450190389e-01,9.466456128898086408e-01,1.350227001288389017e+00,7.986788750787545688e-01,5.997990249854329159e-01,1.000000000000000000e+00
1.570244367401699925e+00,2.737546476902718573e-01,7.466798673563870281e-01,1.434878093235443020e+00,-1.626993893838818428e-01,1.664282591608619910e+00,1.841767934518350636e+00,1.379009239077500837e+00,5.958821810084444781e-01,3.835271574125272975e-01,1.299298314168459423e-01,3.196000267386352456e-01,2.967475418033527212e-01,9.633590857429646936e-01,1.200627671563756937e+00,4.000000000000000000e+00
1.603607885065653882e+00,1.097883965840679821e+00,3.984520817532449799e-02,8.151667808862241849e-01,1.062077877095895184e+00,4.936625837213352574e-01,1.997987799978138579e+00,2.102564728500778690e-01,4.851948305918253879e-01,1.068795028360621568e+00,1.167632130268766222e+00,1.685830436898765994e+00,1.106767463691796349e+00,4.690183560794862760e-01,-1.011204401711961742e-01,0.000000000000000000e+00
3.711836931711589571e-01,9.245914278894843408e-01,6.149803229787591530e-01,9.238425861231502889e-02,-1.621772649984309922e-03,3.556064376954817807e-01,1.938536500559366882e+00,1.432779329134457269e+00,1.032080974119323535e+00,2.031892787069736528e+00,1.880110657042472211e-01,1.169190725134718056e-01,1.274451371786088583e+00,1.111502169296306297e+00,2.334345157897757872e+00,3.000000000000000000e+00
1.359292066977820346e+00,1.348548309296602854e+00,1.389985724895471397e-01,6.089865802003866513e-01,1.285288613060713514e+00,1.115494817302350672e+00,2.470736709504939732e+00,3.442856127613560524e-01,-1.289262373370017589e-01,9.272580060255556367e-01,8.518133227478053016e-01,1.507775425014998616e+00,1.074430317809419222e+00,4.718116950956015021e-01,-4.142676475811090664e-01,0.000000000000000000e+00
1.183513070012102153e+00,1.871162096185134516e+00,1.406103407054208221e+00,9.997375272118576017e-01,1.624552244991102290e+00,1.136524211566185993e+00,1.539154303388717171e+00,-1.045609827017999760e-01,-2.198556294603961625e-01,-2.379224156138938784e-01,7.322465625707317294e-01,1.889037546268560464e-01,7.813707510274995327e-01,1.983573650324596427e+00,-7.334876717651583888e-02,2.000000000000000000e+00
1.100021780831172524e+00,1.001720608528974266e+00,2.919834096316861194e-01,1.528822059976528980e-01,2.876272997997072478e-01,3.777047331426649501e-01,1.328108438499719268e+00,1.610918065255273701e+00,5.892715425060226497e-01,1.423261028224389602e+00,4.635380304328988732e-01,3.558992371615532502e-01,1.350810604444492302e+00,1.712256617430333749e+00,1.746903294936035023e+00,3.000000000000000000e+00
1.685796104699618381e-01,7.705792476704230731e-01,9.160019437925555064e-01,3.616219264053955468e-02,4.553612278615311038e-01,5.861250263832215035e-01,1.349700286990554110e+00,1.702274193071818154e+00,9.199934883884535175e-01,1.793858998203327060e+00,8.378996490099975825e-01,1.882939536766041477e-01,1.216067468443933874e+00,1.288528267453864062e+00,1.678668664341982808e+00,3.000000000000000000e+00
2.958681113440955190e-01,8.610864060580877832e-02,1.679884037096046612e+00,-1.838031672465245125e-01,1.970610183421289019e+00,8.185112285990419068e-01,5.056761369067339640e-01,8.653016005764332386e-01,1.214378095425935999e+00,4.541503471241994383e-01,-2.332950254489529751e-02,1.004840226055008667e+00,1.517743144651491294e+00,8.414082651319580997e-01,7.799718675648666943e-01,1.000000000000000000e+00
1.145353391319968495e+00,2.269807370097769006e+00,1.121619266848341123e+00,8.697710447245337040e-01,1.080704958494110413e+00,1.535206272764476854e+00,1.859906077398917557e+00,1.531620231746797234e-01,7.493922385592127755e-02,-4.270612670285717227e-02,5.368747925446761826e-01,9.167527142307354548e-01,5.160142144957318155e-01,1.868532838872055901e+00,2.590189172910793980e-01,2.000000000000000000e+00
1.801881223113889874e+00,5.855277824349801596e-01,7.074894432878995332e-01,1.089977611744998187e+00,6.826920327889696161e-01,2.195027489174989910e+00,1.837486400216345128e+00,1.373961908924024256e+00,3.731534529604541572e-01,-1.798315295769641331e-01,4.547522454238893674e-01,1.998040641340964318e-01,3.008962478948891128e-01,1.389967369016707588e+00,1.241201259114175004e+00,4.000000000000000000e+00
1.408863043964433182e+00,9.036759311713784548e-01,9.641282869094220942e-01,8.066163866159563600e-01,3.742762271563035981e-01,1.036825187036576335e+00,1.549568352835150042e+00,1.167535862468911390e+00,4.422893597399188970e-01,2.433677613612369450e-01,2.875779771441902000e-01,-3.550096678158320418e-01,1.337927881644404293e-01,1.168940314651097490e+00,1.284352962556581268e+00,4.000000000000000000e+00
2.367580791124019424e+00,5.676302556239274377e-01,3.403965865159944704e-01,8.567884984489522182e-01,6.722085011837642954e-01,1.916978534100294285e+00,1.795617485686035630e+00,1.781581732079849711e+00,9.542978769275101136e-01,4.012048440068330390e-01,7.641497370684486867e-01,-1.394845015859965398e-01,2.371338525854976287e-01,1.584355478815488771e+00,1.117082017555446116e+00,4.000000000000000000e+00
1.143736788682704342e+00,1.418274600039022504e+00,7.466750105420660866e-01,1.086842792321154327e+00,8.907473733250085290e-01,8.613625550452201907e-01,2.254186861726851010e+00,3.540678698565327687e-01,5.772054638086638878e-01,7.820655699418350704e-01,-1.929039727710712970e-02,2.031200725489961112e+00,1.076947257901659016e+00,7.719032364998585916e-01,1.552578269954608126e-01,0.000000000000000000e+00
4.301405796729032005e-01,4.244701095837417060e-01,1.544789158032894738e+00,-5.000767353813539984e-01,1.599610860504063314e+00,1.145144262985230199e+00,5.061468738579192467e-02,5.374770737760348194e-01,1.297107470154350572e+00,3.864732131889895839e-01,9.144000815976616181e-01,1.226148717805533472e+00,1.485594313746519290e+00,1.528696108181534230e-01,1.173809619311043217e+00,1.000000000000000000e+00
-5.226193448582721057e-01,1.059891497879931865e+00,3.837300569667194683e-01,7.723557988636861049e-01,5.365315675882900148e-01,2.086013920369639285e-02,1.572560307095923315e+00,1.157212354677493282e+00,9.406794948077442653e-01,2.008312511634318565e+00,2.694099738400413391e-01,4.060244038672905509e-01,1.579975292978431201e+00,1.263717474388681428e+00,2.181537464325942643e+00,3.000000000000000000e+00
1.615833892339790356e+00,3.260448851890961897e-01,9.130699898970980888e-01,1.641106026915388760e+00,4.088451799308662205e-01,1.028203272094203591e+00,1.628929860786140882e+00,1.155699404432301680e+00,5.779772651244724502e-01,-1.313410574073792247e-02,1.009749752084452279e+00,1.769956172889171342e-03,5.964239507195943091e-01,1.393957666200374090e+00,8.884747212447726694e-01,4.000000000000000000e+00
4.499779511982461289e-01,1.952512084521610125e-01,1.092897969005512726e+00,-2.508769306989064307e-01,1.807611014643304426e+00,8.152547305132838984e-01,1.266203832961981801e-02,1.077940645482876381e+00,6.465323860754986773e-01,5.667863254378375792e-01,6.873811148522913639e-01,1.183761091527247400e+00,9.936099630361898694e-01,5.650286402618605042e-01,9.918874133351622824e-01,1.000000000000000000e+00
9.410511557097872570e-01,-7.871924474479893852e-02,1.206379977547663795e+00,7.844980097422642462e-01,2.040027038844102858e+00,7.805744589672785061e-01,3.288209764490000464e-01,7.971202970895064910e-01,1.094168860785849073e-02,3.480649285542077309e-01,7.876819923180418126e-01,1.085481445579538073e+00,1.389199721583216363e+00,1.027867956553365492e+00,8.713668633430440291e-01,1.000000000000000000e+00
1.725806465503454401e+00,2.440489826522197259e+00,1.525267836579034864e+00,1.437323339748115325e+00,1.602976631334963820e+00,1.668663157388617702e+00,2.072305061219870570e+00,3.508006295183551670e-01,-7.991976533704991947e-02,1.452156807445019182e-01,2.255739398760197023e-01,1.925931298680154669e-01,5.137833577458615908e-01,1.647839260230797409e+00,4.028506573032880067e-01,2.000000000000000000e+00
1.919135845214825498e+00,4.058486221733217381e-01,2.439415681838732475e-01,9.046708835436111373e-01,4.123772660794565725e-01,1.678709567525593416e+00,2.048905967751299517e+00,1.571147167818117918e+00,9.677286378503955344e-01,5.827907446593236784e-01,1.070065894144771823e+00,-3.273480141012888311e-02,-1.164161144211928178e-01,1.887879768571436356e+00,1.061511077653217727e+00,4.000000000000000000e+00
4.217341010454043748e-01,1.802931227943876114e-01,8.978675459302360995e-01,2.859945424727055041e-01,2.039768750276860221e+00,5.631270111414879986e-01,4.944204960032405061e-01,8.483901114188242554e-01,5.729981690481188439e-01,9.183259837883306353e-02,1.300446900249080162e+00,7.520790328450728257e-01,1.056084916345747970e+00,5.268043236163666432e-01,1.063546221084024967e+00,1.000000000000000000e+00
5.804158485084924823e-01,9.452722541930678180e-01,1.385593574875508271e-01,-7.366585344120982204e-02,-3.077409460759368831e-01,2.784811825608837221e-01,1.432679214583538529e+00,1.347249082511999374e+00,8.420809683207710616e-01,1.479818005001777736e+00,3.084615178711225258e-01,1.367545279794268043e-01,1.358078190085424408e+00,1.007354847840547851e+00,2.257916840759654598e+00,3.000000000000000000e+00
1.664456442978334838e+00,8.956385362804755168e-01,2.644289648408665316e-02,9.445627137554877262e-01,1.500080674470233966e+00,5.865524010675333688e-01,1.638114712247890736e+00,1.380779273209253033e-01,-1.005282362371686111e-01,1.157741970896434269e+00,1.116332666914948035e+00,1.571068835342490422e+00,7.062952519730115730e-01,4.561807163657035646e-01,4.485920373232755304e-02,0.000000000000000000e+00
6.162896967037985174e-01,1.323366502426680746e+00,1.378717709291382709e+00,-3.829009200175866046e-02,-7.476256244250529814e-01,5.496905180428298676e-01,1.746477337688007170e+00,1.682497492067268618e+00,6.581131830250482873e-01,1.776329546856761032e+00,6.235804162918092697e-01,8.888471408791842610e-03,1.625496291014230321e+00,1.107633675829998499e+00,2.021446528671489329e+00,3.000000000000000000e+00
4.942038021958086169e-01,1.064973454661362950e+00,4.457332090274948033e-01,8.159187524336982689e-01,-5.119202791481552994e-02,-1.700267125077970509e-01,1.580521557172076319e+00,1.683406343827486440e+00,3.728010953487372880e-01,2.057850318917382459e+00,1.086387596383507348e-01,3.092456996249535184e-01,1.178511215938699674e+00,1.685808023439344439e+00,1.159675704971865340e+00,3.000000000000000000e+00
1.373009896864640478e+00,1.023514583988644810e+00,1.370399118689996365e-01,1.237620164319008342e+00,1.566027377365493578e+00,9.476569494620699086e-01,2.080005450767222097e+00,1.218800595894464767e-01,-1.721451731090739012e-01,1.607870548090080121e+00,7.624778102698978044e-01,1.743423035602875704e+00,1.455593734117783811e+00,7.245227663799216344e-01,-4.541554846125847034e-01,0.000000000000000000e+00
1.030334897128978966e+00,8.169008722672352896e-01,5.266759677137339279e-01,-1.230457699629745605e-01,5.282145164883240984e-02,3.597734319255063706e-01,1.186162001332154103e+00,1.660384304756071572e+00,8.526163520789632466e-01,1.739955517081990255e+00,3.290594243810640585e-01,-2.790281464791846688e-01,1.596136803088394451e+00,1.189524411008391125e+00,2.402930107528468362e+00,3.000000000000000000e+00
1.215465943844486141e+00,1.543353147472015241e+00,2.684146952826439447e-01,1.210155020955216987e+00,8.946594333336911342e-01,7.649085342606208870e-01,1.850266373087128491e+00,2.510869334876568160e-01,1.566021916045636231e-01,1.070424655491092558e+00,1.011804901102879795e+00,1.650597202193093471e+00,1.604597965204005439e-01,3.951981026289871912e-01,4.385208744565147199e-02,0.000000000000000000e+00
1.278342642020371622e+00,1.588471116762162350e+00,2.914099785860399527e-01,5.641030645054603276e-01,1.026896875489992311e+00,1.132737574284946147e+00,2.433792945789721163e+00,5.012627894845973486e-01,1.189324850513759024e+00,1.368393439045145987e+00,1.001136115463549858e+00,1.886426610009674043e+00,1.027732737884512693e+00,-8.694378953123793607e-02,1.268841236473588693e-02,0.000000000000000000e+00
1.257726210574158454e+00,1.733125182033266931e+00,1.321105447667306754e-01,1.160084190901532253e+00,1.396385021661402881e+00,7.370204374413055204e-01,1.708337210098717529e+00,-1.911744797257378115e-01,3.031225870785368981e-01,1.216511969329721943e+00,3.933984343015953788e-01,1.634911914404835409e+00,1.147795820425564939e+00,9.648511752293673638e-01,2.649505494804422767e-01,0.000000000000000000e+00
1.278330433494730523e+00,2.437090598046819601e+00,1.633582712312876328e+00,1.634338264644291216e+00,9.963580396007091222e-01,1.533512501819561669e+00,1.792011953141562586e+00,-3.991882904522180142e-02,1.575814742356114462e-01,5.221600932415942919e-01,5.501360833235841019e-01,1.131577799352027291e+00,4.487161763960797467e-01,1.565681967203154112e+00,2.637748716018272210e-01,2.000000000000000000e+00
1.514087742281250204e+00,1.232119885410948967e+00,4.004884005125315949e-01,7.968375572849779598e-01,1.657290277131816314e+00,7.353056934471271511e-01,2.234122408813212779e+00,-2.609884336273213257e-02,-3.362751842543401093e-01,1.079176208204351672e+00,6.092023846045622193e-01,1.390328210953234223e+00,7.923543657807341489e-01,6.009265812930703055e-01,1.901938681583390800e-01,0.000000000000000000e+00
1.247873600339416189e+00,2.276768778161485596e+00,1.693398285370286915e+00,1.500749122199592112e+00,9.290318941947419695e-01,1.658884539976936079e+00,2.001605241065725682e+00,5.946259689550710270e-01,8.324491482951390520e-04,-2.845238407320360707e-01,8.766029967600710293e-01,9.522211509975219146e-01,3.899697438445280384e-01,1.954042638607873528e+00,1.231712580533673995e-01,2.000000000000000000e+00
1.504336360232628955e+00,1.395850544650957703e+00,4.140386694185163030e-01,1.281491898884602909e+00,1.351837640180314493e+00,8.727820330070850119e-01,1.945522545660319569e+00,1.182741060893442719e-01,8.289209375482770037e-01,8.877961605391084809e-01,7.552643100636632356e-01,2.188862706672006109e+00,1.062314043514562600e+00,7.950279521145644512e-01,-4.661462842047264798e-02,0.000000000000000000e+00
2.780492544180337422e-01,9.308474256621942500e-01,5.866098600898277393e-01,-3.873961131000913660e-02,3.609604576724681491e-01,5.002967116120722313e-01,9.699087952764523513e-01,1.237308337711109374e+00,1.433282627415276789e+00,1.655726578480801292e+00,6.193226031656358099e-01,2.862135149340447327e-01,1.962472068252192781e+00,1.298246438619397702e+00,2.052299095303124155e+00,3.000000000000000000e+00
1.263514775679751567e+00,1.964008018247375142e+00,1.790827132939478927e+00,1.215967962065059860e+00,1.356350899908616014e+00,1.328518979656698518e+00,1.943587625674572994e+00,6.931267737716845234e-01,4.921798609405138025e-01,2.997488311618468071e-01,8.606771143284248637e-01,7.878115828012339783e-01,5.746237791652630822e-02,2.005350913080027553e+00,5.820594609567041056e-02,2.000000000000000000e+00
3.635263500575774409e-01,7.752121192061591781e-01,1.282477209105821192e-01,1.773885168714894323e-01,2.470811568875440345e-01,1.941172553917156762e-01,1.427277944576755164e+00,1.487583574030884481e+00,6.591205572181817463e-01,2.196673063736141351e+00,-9.554774818517630663e-03,2.115445329064438718e-01,1.363566822294286052e+00,7.883272372297825958e-01,1.707976667955060979e+00,3.000000000000000000e+00
1.029743451438380308e+00,2.314644897881835472e+00,1.909576480501139040e+00,1.393797594869762069e+00,1.371727100416293199e+00,8.619398748954463230e-01,1.621212692220947549e+00,7.894646321928847632e-01,1.247016841160933365e-02,3.769455586520560897e-01,8.989746425799611806e-01,5.332760718958572399e-01,5.259951630443100434e-01,1.673919328458572053e+00,3.120992283631073283e-01,2.000000000000000000e+00
8.114553037775331656e-01,1.296779748540707877e-01,1.770266515557949338e+00,-6.834098390463605455e-02,1.945285525592435727e+00,1.074708187808002924e+00,-2.601970229655408695e-01,6.991546488482401900e-01,9.033760324018309529e-01,5.377105218757540772e-01,8.563772219278092956e-01,1.206961252552616104e+00,6.594813777400405641e-01,5.378434749271381321e-01,7.257236618881687251e-01,1.000000000000000000e+00
1.130877889747531340e+00,1.868383354130725760e+00,2.275071615108131551e-01,8.754818249563369736e-01,1.030910034319315383e+00,8.618482642826785778e-01,1.896230522878136426e+00,1.865351259649305482e-01,2.905073499051023522e-01,1.040425184142397041e+00,9.594400454716967008e-01,1.698193347092260108e+00,8.836791128931458239e-01,7.077509573430220691e-01,3.188352182387664824e-01,0.000000000000000000e+00
1.275649208200295481e+00,2.141627511466090539e+00,1.547041713622076209e+00,1.202288004579767033e+00,1.878010453069407504e+00,1.113657382403662188e+00,1.664692882726425349e+00,-2.424232889835666871e-01,-6.100337333478921265e-01,-2.167607426292304518e-01,9.509332284197964391e-01,1.483093272177573030e-01,7.676501490595045718e-01,2.175571727208543304e+00,-4.558797724151327779e-01,2.000000000000000000e+00
1.823208774705865842e+00,6.998707459023293387e-01,7.414204714766675641e-01,1.259445734209736711e+00,8.122069135664785611e-01,1.826713274978209567e+00,1.545012967099202994e+00,1.058937347992723987e+00,8.068513443332112622e-01,2.465387707827498831e-02,2.910055239508696490e-01,-5.229097168490788317e-01,-3.953544382607931951e-02,1.513006475823263086e+00,1.173850550717028263e+00,4.000000000000000000e+00
2.013220223094043249e+00,3.635698001121103751e-01,5.119229416603614524e-01,8.877728001463648377e-01,5.132346202861570728e-01,1.863050424991808507e+00,2.519805811215421798e+00,1.399777790566749447e+00,7.931950424975154901e-01,5.206257782275380830e-01,5.536114201931769951e-01,3.679112273340334194e-01,-1.359229109637328792e-01,1.124171422222734140e+00,1.315892954736309850e+00,4.000000000000000000e+00
1.261774112654242774e+00,2.213209308548478749e+00,1.433129676887045401e+00,7.242556921212804921e-01,1.311394729660352754e+00,1.179699846714366451e+00,1.768134374402138720e+00,4.491522050623154017e-01,-6.238509869892996940e-02,2.236353873235030765e-02,1.283364074498046126e+00,6.861625488727847166e-01,3.935378378234514196e-01,2.241916443405406412e+00,3.779402110457958930e-01,2.000000000000000000e+00
2.311800421388823246e+00,5.307012900004335343e-01,7.071828731324258932e-01,5.631527617721602264e-01,5.635365148718577410e-01,1.151989856616751684e+00,1.151773082473584342e+00,1.652256615853139765e+00,1.020331061830699992e+00,4.910858479881433647e-01,7.932177494601508894e-01,3.710960427971520259e-01,7.720233953501494106e-01,1.198632491266718336e+00,1.003874996725510504e+00,4.000000000000000000e+00
4.511631884920977997e-01,6.147849194663299599e-01,4.251828868518733318e-01,1.934403276617562006e-02,7.366166318978417671e-02,-3.654255862707400659e-02,2.143188818726732059e+00,1.341739267354747023e+00,7.901832556470839153e-01,1.332369781440162715e+00,3.740370193284063838e-01,4.209024749884258676e-01,1.664842616336383196e+00,1.165518933143361968e+00,1.879353380693224995e+00,3.000000000000000000e+00
1.266541935892688153e+00,2.388900477781211507e+00,1.336264786355151557e+00,1.189740621708627266e+00,1.545019356674472100e+00,1.178887510673485517e+00,1.517917346754936947e+00,-4.776256638928046971e-01,1.486050085617116323e-01,7.688531268895389126e-02,4.385185113136646495e-01,9.368269303184464381e-01,1.841162047621676123e-01,1.912790555902778911e+00,7.191972298983709821e-01,2.000000000000000000e+00
4.040844879945065249e-01,6.735492796106132274e-02,1.578829043832095991e+00,2.008624381477177867e-01,2.253897108420793938e+00,8.541905576113608678e-01,1.347189967085484774e-01,1.011702959153204517e+00,9.353453485056822947e-01,5.177822656536966717e-01,5.058637212355141521e-01,8.430477321638862875e-01,1.363879006310741770e+00,6.132228443584154531e-01,5.417342055807412571e-01,1.000000000000000000e+00
1.061453812327229462e+00,1.738289499664505966e+00,1.248261268879814923e+00,6.437287452652954434e-01,1.529571923260509614e+00,1.618049430725854165e+00,1.759512275133602310e+00,4.325066659618254095e-01,-8.229902333521094127e-02,-1.415663414858425451e-01,9.556082483255950999e-01,2.197048613585796395e-01,5.999085665159520353e-01,1.956141958825604599e+00,4.792954034708526989e-01,2.000000000000000000e+00
1.350948086368114032e+00,1.612130079720964337e+00,6.902176692887245224e-01,4.373563827611704480e-01,1.712582576317403182e+00,2.831326230742495786e-01,1.340429405657365347e+00,7.385927678987562750e-01,3.143457437709129554e-02,9.145586448604531293e-01,1.541901073928046983e+00,1.924750455255769932e+00,9.589661780683509384e-01,1.076403381274480542e-01,-7.566656590103769398e-02,0.000000000000000000e+00
1.185289653866246073e+00,2.264108351094167582e-01,1.464526183131028780e+00,-3.362389198479712182e-02,1.762623074230429854e+00,7.850029592575066273e-01,3.827679299175865690e-01,1.065512692696663155e+00,8.619065511780443778e-01,4.761002178605190371e-01,8.862334855311352344e-01,8.202596375425353914e-01,9.168783700618841070e-01,9.642473915850033883e-01,7.178291320733469760e-01,1.000000000000000000e+00
1.793870145505329083e-01,1.193618408098372274e+00,2.480946071624340055e-01,-9.937606796773484907e-02,-1.016086295778960980e-01,2.270293915010230257e-01,1.354392559103002824e+00,1.417580807116680663e+00,1.039140438526253707e+00,2.302462517300648770e+00,1.345885001032198769e-01,-3.686947858004038792e-02,1.362226402066551323e+00,1.399637333920965121e+00,2.160377591137744524e+00,3.000000000000000000e+00
1.415483555217589284e+00,1.662543717625270645e+00,2.279474394249673685e-01,7.371149477421520269e-01,1.509103826981363694e+00,1.021036488157277988e+00,1.790216835744530943e+00,-1.723523589877498097e-01,-4.395445987985079350e-01,8.593820504606000110e-01,6.657850025219868018e-01,1.876455815622589895e+00,9.497005054972849081e-01,3.434460421882227221e-01,-2.833006099935065358e-01,0.000000000000000000e+00
4.111024732048192964e-01,9.575031264906015416e-01,1.264109891374804562e+00,3.326022833635948195e-01,-3.023517591568906093e-01,-2.033715988453367873e-01,2.009966509468130269e+00,1.637294940750532612e+00,9.165543339110709953e-01,1.417119521912456603e+00,2.038039079736593540e-01,3.925744068037211321e-01,1.560048354891701017e+00,1.745954476795185561e+00,2.199820611794309322e+00,3.000000000000000000e+00
7.361860001341394844e-01,5.689570021212017603e-02,1.163040733188261733e+00,-2.470526968627503317e-01,2.063995361147842100e+00,1.204180433814900919e+00,4.163714595553650449e-02,6.654913267828219681e-01,7.061260595865571643e-01,3.763426054256484021e-01,9.052127949945778518e-01,5.456432717370904850e-01,1.100241237646466530e-01,9.324271166967398328e-01,5.350821699566548073e-01,1.000000000000000000e+00
2.049777931334181069e+00,1.699105898200558462e+00,5.949591693130542591e-01,9.029547098201617938e-01,1.684447584871121784e+00,8.133362440487298395e-01,1.745959184351838944e+00,-6.176907475191931174e-02,4.082138470957293874e-01,1.203339955774335834e+00,6.797821715374201546e-01,1.774257801201539975e+00,1.061643173514715599e+00,8.664937374460085495e-02,2.817948809278520567e-02,0.000000000000000000e+00
1.135137843306974093e+00,1.616080505745997931e+00,1.726945834667441115e+00,1.110662586147276754e+00,2.016461585203982665e+00,1.483091154589019522e+00,1.848280898525253013e+00,5.438965801584459969e-01,-1.090404018211803550e-01,1.052049314676123393e-01,5.766730620041514710e-01,2.861393593767675991e-01,1.043196619210321474e+00,1.306820230436387398e+00,-3.139585838057507572e-01,2.000000000000000000e+00
1.996300819680082439e+00,6.644757776678374972e-01,8.534054943499493895e-01,1.263926183170527739e+00,9.402148687791131998e-01,1.428408669251083563e+00,1.440310414776679870e+00,1.741475003004365529e+00,8.741734018486491120e-02,3.016209283719680778e-01,5.325682494926559096e-01,3.352693020802616775e-01,2.383955276098335685e-01,1.817977220353811596e+00,1.141537786867228288e+00,4.000000000000000000e+00
1.010150645588578477e+00,8.438181890935250173e-01,1.892962976979583045e-01,-2.813665384730394681e-02,-1.663439088458854298e-01,2.142951988009035302e-01,2.203555642602430531e+00,1.310468667439501855e+00,8.642951495893582692e-01,1.761572445123789743e+00,-6.206374971510164595e-03,3.740774079516118178e-01,1.543383167937273370e+00,1.126684451667729903e+00,1.612409220272566168e+00,3.000000000000000000e+00
3.424694565871758134e-01,-4.608564053152344187e-01,1.307762810076969817e+00,2.649616943956240034e-01,1.621891651732686457e+00,3.998612581865512716e-01,-2.459014726031224507e-01,9.352322899559014635e-01,1.033735901445308469e+00,4.679782397971836705e-01,8.542273824088746359e-01,1.165322267649258725e+00,7.602054044403454558e-01,3.408798628218900895e-01,5.164162616232326197e-01,1.000000000000000000e+00
2.495169185612756690e-01,-1.509656649388337324e-01,1.648642877972473553e+00,2.373487689924672905e-01,2.253326714717009960e+00,1.074030074359736409e+00,1.731638206496239341e-01,6.732025441320805825e-01,1.408549587840710604e+00,7.704228313044325649e-02,3.519135324930469655e-01,9.059392969846447041e-01,8.364183267120721688e-01,9.411982367835615149e-01,9.595717911326531180e-01,1.000000000000000000e+00
1.061608049656700414e+00,-2.874865319963317012e-02,1.674601089928011044e+00,-8.196033979582714735e-02,1.967945016753118948e+00,1.031815163088752207e+00,-2.405648852695571049e-01,9.343638446832541744e-01,3.657872987845577906e-01,3.072791138355680518e-01,8.418905660426037052e-01,7.543144434232801343e-01,1.108911736454391228e+00,5.078869698626335971e-01,1.073542003438171522e+00,1.000000000000000000e+00
2.057833572124363464e+00,3.485567621476648448e-01,5.141041774971768508e-01,8.867522629350444996e-01,4.572781827431511847e-01,1.503527861891802209e+00,2.080709157516706487e+00,1.493813799752921279e+00,-2.941635713415583497e-01,3.036258289078797024e-01,7.961340093821355213e-01,3.660352303055435796e-01,-4.036015724451944564e-01,1.307592022685420297e+00,1.055007261789401074e+00,4.000000000000000000e+00
1.480715824531704472e+00,2.346114072030213826e+00,1.302488462255772195e+00,1.290558820186774591e+00,8.130074220558021203e-01,1.657161517671779771e+00,1.889954847665717308e+00,4.756960295773414171e-01,3.681775786544819740e-01,8.505596793030185954e-02,1.013409169893934036e+00,1.038258243414681203e+00,5.877205898873916201e-01,2.024633805533682107e+00,2.442217847833126898e-01,2.000000000000000000e+00
1.732571826165249629e+00,7.680992841560358997e-01,5.523392939410829428e-01,1.088629102568977380e+00,4.383481737870293937e-01,1.178229534726084937e+00,1.234830498007612354e+00,1.822422007506398156e+00,1.126444495136109891e+00,8.008091179482649258e-01,9.266933996913444549e-01,2.193911522459802421e-01,3.110682375905914343e-01,2.081251108765009405e+00,1.723272028034416703e+00,4.000000000000000000e+00
1.906604295881703770e+00,1.110668362858255431e+00,1.368781416044564103e-01,1.557217318615641943e+00,1.343709378154092304e+00,1.011026850030398050e+00,2.598738085960162092e+00,5.006785401542958314e-02,4.510904628535845062e-01,1.307473060843857171e+00,7.155352758987014727e-01,1.289173842877971987e+00,2.930205008168155212e-01,4.369345408410436615e-01,-4.451316223908153846e-01,0.000000000000000000e+00
1.398702775972653578e+00,1.296771707923978001e+00,5.351543577430502019e-01,7.912891611837239436e-01,1.463875868910329725e+00,8.655399944153462366e-01,2.216122766691762003e+00,-1.825179935824541300e-01,1.894648296935154130e-01,1.191860525800048309e+00,8.541655637346864394e-01,1.457757857252851785e+00,9.361365890747799234e-01,-1.049473241149157521e-01,-5.702993599666307534e-02,0.000000000000000000e+00
1.088971417941115183e+00,1.409244924018115297e+00,9.610786566766230665e-01,9.501878450741445548e-01,1.562763895680917559e+00,7.903361342784915866e-01,2.106451947709421901e+00,1.322057384577385031e-01,3.411218649891137877e-01,1.398690608968155669e+00,7.267818223418208712e-01,1.218975798488013851e+00,1.104784004201416536e+00,5.368419069091587836e-01,-2.720812020929484487e-01,0.000000000000000000e+00
9.447711969019986222e-01,1.566778151898337468e+00,1.357745127862028278e+00,1.456281904851334907e+00,1.416542752484115875e+00,1.646079776515004367e+00,1.752178553088689750e+00,9.245413197371471492e-02,9.033703582879665239e-03,4.842782696176729795e-02,9.052082632908359239e-01,3.718782609447235377e-01,8.286459143716553566e-01,1.248720858639176035e+00,1.305423225461178616e-01,2.000000000000000000e+00
1.126501891954824863e+00,1.070205233458521699e+00,6.889188186927304169e-01,1.216857205158677901e+00,1.274294451443344967e+00,6.346675243609136707e-01,1.421038036439937535e+00,5.716847323576054046e-02,-2.624472872414518321e-06,1.086264183835153219e+00,5.560975125758843562e-01,1.445671836147623956e+00,1.035838745233182312e+00,-1.293228167175919374e-01,-5.569502952908133020e-01,0.000000000000000000e+00
1.419136555792085197e+00,4.402531022146271011e-01,7.315215631012566000e-01,1.452932430413669040e+00,3.551175831562111140e-01,1.794138181226422102e+00,1.786442089385172238e+00,1.901838702016945382e+00,1.647655251861597225e-01,-5.483139019809596393e-02,7.589798313902894611e-01,3.692849477984828099e-01,1.954929718396933302e-01,1.412428392343511030e+00,1.396200893099236007e+00,4.000000000000000000e+00
1.756328749676351109e+00,2.199284255572235836e+00,1.446761037843847575e+00,9.196397778003930767e-01,1.102906702894761226e+00,1.713169687207950265e+00,2.084053863356190472e+00,-4.622948056620994339e-03,7.495678304986910789e-02,-2.815702557826116892e-01,7.794689750919464588e-01,5.252214741755799610e-01,6.107386372452543455e-01,1.713610357040186827e+00,1.373411916464263860e-01,2.000000000000000000e+00
1.079355429508505271e+00,2.209723360961584504e+00,1.388836665798890868e+00,1.467660295722392982e+00,9.334104561520696342e-01,1.121580207720810352e+00,1.571636075043904457e+00,-1.645335358605310161e-01,1.130120013161172998e-01,3.805069251794652163e-01,7.271179010479864591e-01,1.347771965156214780e+00,3.421687259738412368e-01,1.687143494657284304e+00,7.761189904190467226e-02,2.000000000000000000e+00
1.039709084077098611e+00,2.018918364537191312e+00,1.439724770664063014e+00,3.968873988614115556e-01,1.332328537502983190e+00,1.702007472676079436e+00,2.086587535314267328e+00,2.075591696997980407e-01,6.032068651755178035e-01,1.463878605269629540e-01,6.210315908237850069e-01,6.194703610119134396e-01,5.397196944920852335e-01,1.959772611564869926e+00,3.798712389877142992e-02,2.000000000000000000e+00
9.198105745324409721e-01,2.087936593992217205e+00,1.577936525295600800e+00,1.187712031157944770e+00,1.173953429511537028e+00,1.928302600013578338e+00,1.597234283211582007e+00,3.060395229267732220e-01,1.220706542376963494e-01,7.540881666478599366e-02,4.232112270444110536e-01,8.534507428684875441e-01,8.270292273276871331e-01,2.223884934896258159e+00,8.999021054626497040e-01,2.000000000000000000e+00
